0,1,2
target,prediction,input
oEffect,xIntent,PersonX hardens pharaoh 's ___--The pharaoh screams in extraordinary pain
oEffect,xIntent,PersonX hardens pharaoh 's ___--The pharaoh dies
oEffect,xIntent,PersonX shuts PersonY's ___ to the fact--make a choice they otherwise wouldn't have made
oEffect,xIntent,PersonX shuts PersonY's ___ to the fact--ignore the fact
oEffect,xIntent,PersonX affects children 's ___--gets rewarded
oEffect,xIntent,PersonX affects children 's ___--none
oEffect,xIntent,PersonX affects children 's ___--none
oEffect,xIntent,PersonX improves PersonY's ___ as understood--none
oEffect,xIntent,PersonX believes every ___--may get hurt
oEffect,xIntent,PersonX believes every ___--may become angry
oEffect,xIntent,PersonX bears ___ unto the PersonY--person y runs away
oEffect,xIntent,PersonX turns the enemy 's ___--fight
oEffect,xIntent,PersonX lays PersonX's ___ upon PersonY--gets increased responsibility
oEffect,xIntent,PersonX sells PersonY's ___ to the bidder--make money on their stuff.
oEffect,xIntent,PersonX sells PersonY's ___ to the bidder--gain more space in home.
oEffect,xIntent,PersonX sells PersonY's ___ to the bidder--make money
oEffect,xIntent,PersonX sells PersonY's ___ to the bidder--get rid of something
oEffect,xIntent,PersonX holds PersonY's ___ in PersonX's hands--smiles
oEffect,xIntent,PersonX holds PersonY's ___ in PersonX's hands--gets protected
oEffect,xIntent,PersonX summarizes the ___ far--learn something
oEffect,xIntent,PersonX summarizes the ___ far--review something
oEffect,xIntent,PersonX teaches ___ to speak--get talked to by more people
oEffect,xIntent,PersonX teaches ___ to speak--has a conversation
oEffect,xIntent,PersonX resists ___ by force--Is knocked back
oEffect,xIntent,PersonX employs every ___--got job
oEffect,xIntent,PersonX employs every ___--manage family
oEffect,xIntent,PersonX employs every ___--earning money
oEffect,xIntent,PersonX employs every ___--doing work
oEffect,xIntent,PersonX turns PersonY's ___ to matters--shows appreciation
oEffect,xIntent,PersonX turns PersonY's ___ to matters--shows grati
oEffect,xIntent,PersonX uses ___ as possible--TO BE GREAT
oEffect,xIntent,PersonX shakes PersonX's ___ in disbelief--none
oEffect,xIntent,PersonX shakes PersonX's ___ in disbelief--none
oEffect,xIntent,PersonX shakes PersonX's ___ in disbelief--none
oEffect,xIntent,PersonX puts PersonY ___ around PersonZ--smiles
oEffect,xIntent,PersonX understands PersonY's ___ better--got a raise
oEffect,xIntent,PersonX pays another ___--answers the door
oEffect,xIntent,PersonX pays another ___--has a conversation
oEffect,xIntent,PersonX saves PersonY's ___ from destruction--things stay safe
oEffect,xIntent,PersonX loses ___ of time--none
oEffect,xIntent,PersonX loses ___ of time--none
oEffect,xIntent,PersonX loses ___ of time--none
oEffect,xIntent,PersonX holds ___ for year--Economy grew
oEffect,xIntent,PersonX holds ___ for year--Life was better
oEffect,xIntent,PersonX affords PersonY every ___--They make a lot of money
oEffect,xIntent,PersonX affords PersonY every ___--none
oEffect,xIntent,PersonX saves a man 's ___--man lives
oEffect,xIntent,PersonX left PersonX's ___ behind--none
oEffect,xIntent,PersonX left PersonX's ___ behind--none
oEffect,xIntent,PersonX studies carefully the ___--Passed the test
oEffect,xIntent,PersonX studies carefully the ___--Works for her
oEffect,xIntent,PersonX treats ___ fairly--show gratitude
oEffect,xIntent,PersonX left PersonX's ___ behind PersonY--sighs in frustration
oEffect,xIntent,PersonX left PersonX's ___ behind PersonY--none
oEffect,xIntent,PersonX settles ___ by means--live peacefully
oEffect,xIntent,PersonX plays the ___ according--lose the game
oEffect,xIntent,PersonX plays the ___ according--are removed from the competition
oEffect,xIntent,PersonX hides PersonX's ___ in PersonY's hands--comforts
oEffect,xIntent,PersonX hides PersonX's ___ in PersonY's hands--squeezes
oEffect,xIntent,PersonX hides PersonX's ___ in PersonY's hands--none
oEffect,xIntent,PersonX raises ___ from sources--wants to learn what they did
oEffect,xIntent,PersonX raises ___ from sources--wants to earn money as well
oEffect,xIntent,PersonX sets PersonY's ___ on fire--gets seriously hurt
oEffect,xIntent,PersonX holds ___ with PersonY's forms--gets approved for a loan
oEffect,xIntent,PersonX holds ___ with PersonY's forms--gets a paper cut
oEffect,xIntent,PersonX slams the ___ behind PersonY--shouts
oEffect,xIntent,PersonX slams the ___ behind PersonY--yells
oEffect,xIntent,PersonX puts PersonX's ___ around PersonY--gets a hug
oEffect,xIntent,PersonX puts PersonX's ___ around PersonY--transfers affection
oEffect,xIntent,PersonX walks ___ by side--foot is stepped on
oEffect,xIntent,PersonX walks ___ by side--is asked questions
oEffect,xIntent,PersonX walks ___ by side--gets engaged in conversation
oEffect,xIntent,PersonX sets the ___ on fire--escapes from fire
oEffect,xIntent,PersonX affects every ___--people make decisions
oEffect,xIntent,PersonX affects every ___--none
oEffect,xIntent,PersonX affects every ___--none
oEffect,xIntent,PersonX spends ___ talking--receives new information
oEffect,xIntent,PersonX spends ___ talking--gets tired of listening
oEffect,xIntent,PersonX carries PersonY's ___ into execution--dies
oEffect,xIntent,PersonX hands back the ___--receives item
oEffect,xIntent,PersonX sets PersonY ___ on edge--frowns
oEffect,xIntent,PersonX thanks ___ for permission--none
oEffect,xIntent,PersonX thanks ___ for permission--none
oEffect,xIntent,PersonX thanks ___ for permission--other person says no problem
oEffect,xIntent,PersonX teaches or practice ___--gets bored
oEffect,xIntent,PersonX keeps the ___ in check--avert disaster
oEffect,xIntent,PersonX keeps the ___ in check--maintain the norms
oEffect,xIntent,PersonX holds PersonX's ___ in PersonX's hands--cries
oEffect,xIntent,PersonX holds PersonX's ___ in PersonX's hands--smiles
oEffect,xIntent,PersonX plays a ___ in the revolution--quells revolt
oEffect,xIntent,PersonX interprets the ___ in terms--Understand
oEffect,xIntent,PersonX meets children 's ___--is given more information
oEffect,xIntent,PersonX destroys the enemy 's ___--win war
oEffect,xIntent,PersonX hides PersonY's ___ in PersonX's hands--to play
oEffect,xIntent,PersonX hides PersonY's ___ in PersonX's hands--avoid to see
oEffect,xIntent,PersonX hides PersonY's ___ in PersonX's hands--to close to face
oEffect,xIntent,PersonX hides PersonY's ___ in PersonX's hands--to made a fun
oEffect,xIntent,PersonX hides PersonY's ___ in PersonX's hands--places
oEffect,xIntent,PersonX takest away the ___--go to heaven
oEffect,xIntent,PersonX passes PersonY examination--get's work done
oEffect,xIntent,PersonX raises PersonY army--Wins in war
oEffect,xIntent,PersonX lives with PersonY's children--eats at the house
oEffect,xIntent,PersonX lives with PersonY's children--sleeps at the house
oEffect,xIntent,PersonX secures PersonY's position--get the job.
oEffect,xIntent,PersonX secures PersonY's position--get a paycheck.
oEffect,xIntent,PersonX secures PersonY's position--become part of a team.
oEffect,xIntent,PersonX finds PersonY answer--see's what they think about the answer
oEffect,xIntent,PersonX confesses PersonX's sins--none
oEffect,xIntent,PersonX confesses PersonX's sins--none
oEffect,xIntent,PersonX expresses PersonY thanks--shakes hands
oEffect,xIntent,PersonX expresses PersonY thanks--walks away
oEffect,xIntent,PersonX expresses PersonY thanks--says you're welcome
oEffect,xIntent,PersonX loses PersonX's reason--none
oEffect,xIntent,PersonX loses PersonX's reason--none
oEffect,xIntent,PersonX finds PersonY outlet--learns where outlet is
oEffect,xIntent,PersonX finds PersonY outlet--uses outlet
oEffect,xIntent,PersonX finds PersonY outlet--none
oEffect,xIntent,PersonX puts PersonY to flight--travel fast
oEffect,xIntent,PersonX puts PersonY to flight--learn something
oEffect,xIntent,PersonX sets aside the ___--none
oEffect,xIntent,PersonX sets aside the ___--none
oEffect,xIntent,PersonX answers PersonY question--smiles
oEffect,xIntent,PersonX answers PersonY question--hear's the answer
oEffect,xIntent,PersonX tells PersonY saw--none
oEffect,xIntent,PersonX tells PersonY saw--none
oEffect,xIntent,PersonX becomes PersonY object--is obsessed
oEffect,xIntent,PersonX becomes PersonY object--pays attention
oEffect,xIntent,PersonX inherits from PersonX's mother--leave earthly goods behind
oEffect,xIntent,PersonX holds in PersonY hand--start sweating
oEffect,xIntent,PersonX holds in PersonY hand--start breathing heavily
oEffect,xIntent,PersonX works every ___--are greatfull for the work
oEffect,xIntent,PersonX adopts PersonY attitude--gets a compliment
oEffect,xIntent,PersonX adopts PersonY attitude--gets thanked
oEffect,xIntent,PersonX shakes PersonY hand--receives a smile
oEffect,xIntent,PersonX shakes PersonY hand--gets a wet hand
oEffect,xIntent,PersonX sees PersonX's sister--talks
oEffect,xIntent,PersonX increases PersonX's output--Boss gives him a raise.
oEffect,xIntent,PersonX makes PersonY's case--Receives retribution
oEffect,xIntent,PersonX makes PersonY's case--wins the case
oEffect,xIntent,PersonX accepts PersonY invitation--throws a party
oEffect,xIntent,PersonX addresses PersonY audience--want's to see personY
oEffect,xIntent,PersonX addresses PersonY audience--hopes it's a good show
oEffect,xIntent,PersonX addresses PersonY audience--walks on stage
oEffect,xIntent,PersonX addresses PersonY audience--waves to crowd
oEffect,xIntent,PersonX proves PersonX's case--they do their job right
oEffect,xIntent,PersonX comes to PersonY's attention--is yelled at
oEffect,xIntent,PersonX comes to PersonY's attention--is stared back at
oEffect,xIntent,PersonX fills PersonY's mind--none
oEffect,xIntent,PersonX supplies PersonY's place--gets cashback
oEffect,xIntent,PersonX supplies PersonY's place--gets reward points
oEffect,xIntent,PersonX lives with PersonX's children--lose freedom
oEffect,xIntent,PersonX lives with PersonX's children--lose privacy
oEffect,xIntent,PersonX sees PersonY's sister--introduces themselves
oEffect,xIntent,PersonX takes PersonX's ___ seriously--relies on them
oEffect,xIntent,PersonX takes PersonX's ___ seriously--values their work
oEffect,xIntent,PersonX sets aside ___--none
oEffect,xIntent,PersonX sets aside ___--none
oEffect,xIntent,PersonX puts PersonY in charge--none
oEffect,xIntent,PersonX increases PersonY's output--work more efficiently
oEffect,xIntent,PersonX increases PersonY's output--get a raise
oEffect,xIntent,PersonX changes PersonX's form--performs better
oEffect,xIntent,PersonX changes PersonX's form--has less pain
oEffect,xIntent,PersonX accepts PersonY's invitation--loses money hosting event
oEffect,xIntent,PersonX asks PersonY to make--gets publicity
oEffect,xIntent,PersonX marries PersonY's daughter--receives gratitude for the wishes
oEffect,xIntent,PersonX falls on PersonX's knees--none
oEffect,xIntent,PersonX improves PersonY's status--gets a promotion
oEffect,xIntent,PersonX improves PersonY's status--is asked on a date
oEffect,xIntent,PersonX uses PersonY approach--gets thanked
oEffect,xIntent,PersonX uses PersonY approach--receives a gift
oEffect,xIntent,PersonX looks towards PersonY--is stared at
oEffect,xIntent,PersonX looks towards PersonY--waves back
oEffect,xIntent,PersonX tells PersonY to stay--receives invite to stay
oEffect,xIntent,PersonX tells PersonY to stay--is thanked by Person Y
oEffect,xIntent,PersonX becomes PersonY wife--smiles
oEffect,xIntent,PersonX becomes PersonY wife--get married
oEffect,xIntent,PersonX becomes PersonY wife--unite
oEffect,xIntent,PersonX comes face to face--exchange greetings
oEffect,xIntent,PersonX explains PersonX's actions--none
oEffect,xIntent,PersonX explains PersonX's actions--none
oEffect,xIntent,PersonX fulfills PersonX's mission--loses his job
oEffect,xIntent,PersonX fulfills PersonX's mission--gets fired
oEffect,xIntent,PersonX lays upon PersonY--feels her breath
oEffect,xIntent,PersonX lays upon PersonY--Gets hurt
oEffect,xIntent,PersonX accepts PersonY offer--get item they bought
oEffect,xIntent,PersonX understands PersonY better--is allowed to talk and is accepted by the other person
oEffect,xIntent,PersonX presents PersonY appearance--turn around for people to see
oEffect,xIntent,PersonX presents PersonY appearance--understand
oEffect,xIntent,PersonX shows PersonY increase--none
oEffect,xIntent,PersonX shows PersonY increase--none
oEffect,xIntent,PersonX offered PersonX's hand--receives support
oEffect,xIntent,PersonX offered PersonX's hand--gives thanks
oEffect,xIntent,PersonX kisses PersonY on the mouth--gets STD
oEffect,xIntent,PersonX left behind PersonY--becomes alone
oEffect,xIntent,PersonX left behind PersonY--loses way
oEffect,xIntent,PersonX asks PersonY to go--leaves
oEffect,xIntent,PersonX writes PersonY's letters--writes letter back
oEffect,xIntent,PersonX makes PersonX's contribution--they contribute to
oEffect,xIntent,PersonX makes PersonX's contribution--they help other people
oEffect,xIntent,PersonX makes PersonX's contribution--gain something.
oEffect,xIntent,PersonX makes PersonX's contribution--have more than they did.
oEffect,xIntent,PersonX loves PersonY's neighbor--none
oEffect,xIntent,PersonX sees PersonY's daughter--none
oEffect,xIntent,PersonX makes upon PersonY--becomes angry
oEffect,xIntent,PersonX makes upon PersonY--gets irritated
oEffect,xIntent,PersonX gets PersonY start--get's going
oEffect,xIntent,PersonX gets PersonY start--starts
oEffect,xIntent,PersonX gets PersonY start--listens to Person Y
oEffect,xIntent,PersonX sets PersonY aside--is given directions
oEffect,xIntent,PersonX sets PersonY aside--is shunned
oEffect,xIntent,PersonX sees PersonX's children--gets huged
oEffect,xIntent,PersonX states PersonY's case--is taken to jail
oEffect,xIntent,PersonX states PersonY's case--gets told off
oEffect,xIntent,PersonX states PersonY's case--is talked to.
oEffect,xIntent,PersonX states PersonY's case--waits for a decision
oEffect,xIntent,PersonX states PersonY's case--hopes things go well
oEffect,xIntent,PersonX sits upon the throne--gets ordered around
oEffect,xIntent,PersonX writes PersonY's novel--publishes the novel
oEffect,xIntent,PersonX writes PersonY's novel--receives compensation
oEffect,xIntent,PersonX becomes PersonY's wife--is loved
oEffect,xIntent,PersonX becomes PersonY's wife--gets hurt
oEffect,xIntent,PersonX becomes PersonY's wife--becomes pregnant
oEffect,xIntent,PersonX expresses PersonX's thanks--see's them as grateful
oEffect,xIntent,PersonX expresses PersonX's thanks--makes a new friend
oEffect,xIntent,PersonX negotiates PersonY agreement--Has agreement
oEffect,xIntent,PersonX fulfils PersonX's needs--is taken care of
oEffect,xIntent,PersonX fulfils PersonX's needs--is provided for
oEffect,xIntent,PersonX joins PersonY's ranks--gains a member
oEffect,xIntent,PersonX joins PersonY's ranks--gets additional support
oEffect,xIntent,PersonX joins PersonY's ranks--has to share the spotlight with someone else
oEffect,xIntent,PersonX knows PersonY enough--misses out on a close relationship
oEffect,xIntent,PersonX loses PersonX's soul--none
oEffect,xIntent,PersonX loses PersonX's soul--none
oEffect,xIntent,PersonX loses PersonX's soul--none
oEffect,xIntent,PersonX gives PersonY the news--looks shocked
oEffect,xIntent,PersonX reaches PersonY's height--none
oEffect,xIntent,PersonX reaches PersonY's height--none
oEffect,xIntent,PersonX designs PersonY system--pays bill
oEffect,xIntent,PersonX discusses PersonX's problems--is inspired to do something
oEffect,xIntent,PersonX makes PersonY agreement--signs the contract
oEffect,xIntent,PersonX makes PersonY agreement--do the work
oEffect,xIntent,PersonX gives PersonY a sense--none
oEffect,xIntent,PersonX defeats PersonY's purpose--NONE
oEffect,xIntent,PersonX defeats PersonY's purpose--NONE
oEffect,xIntent,PersonX defeats PersonY's purpose--loses something
oEffect,xIntent,PersonX defeats PersonY's purpose--loses confidence
oEffect,xIntent,PersonX defeats PersonY's purpose--none
oEffect,xIntent,PersonX risks PersonY's lives--gets scared
oEffect,xIntent,PersonX risks PersonY's lives--starts screaming
oEffect,xIntent,PersonX sees PersonX's daughter--gets huged
oEffect,xIntent,PersonX sees PersonX's daughter--gets dirty
oEffect,xIntent,PersonX sees PersonX's daughter--none
oEffect,xIntent,PersonX sees PersonX's daughter--none
oEffect,xIntent,PersonX gives PersonY birth--gets held
oEffect,xIntent,PersonX plays PersonY instrument--watches
oEffect,xIntent,PersonX plays PersonY instrument--is humbled
oEffect,xIntent,PersonX lays down PersonX's arms--is victorious
oEffect,xIntent,PersonX lays down PersonX's arms--stops fighting
oEffect,xIntent,PersonX takes off PersonX's coat--none
oEffect,xIntent,PersonX takes off PersonX's coat--none
oEffect,xIntent,PersonX discharges PersonY's duty--they e itlso
oEffect,xIntent,PersonX discharges PersonY's duty--it gets lost
oEffect,xIntent,PersonX discharges PersonY's duty--becomes scared
oEffect,xIntent,PersonX reaches PersonY understanding--knows they understand
oEffect,xIntent,PersonX reaches PersonY understanding--wants to teach them more
oEffect,xIntent,PersonX finds PersonY opportunity--has an opportunity
oEffect,xIntent,PersonX finds PersonY opportunity--ability to make money
oEffect,xIntent,PersonX finds PersonY opportunity--none
oEffect,xIntent,PersonX returns to PersonY's homeland--wants they to see their country
oEffect,xIntent,PersonX returns to PersonY's homeland--has someone to talk to about their home
oEffect,xIntent,PersonX folds in PersonX's lap--none
oEffect,xIntent,PersonX folds in PersonX's lap--none
oEffect,xIntent,PersonX celebrates PersonX's anniversary--blushes
oEffect,xIntent,PersonX celebrates PersonX's anniversary--falls in love again
oEffect,xIntent,PersonX gives rise to PersonY--smiles
oEffect,xIntent,PersonX gives rise to PersonY--frowns
oEffect,xIntent,PersonX gives rise to PersonY--none
oEffect,xIntent,PersonX sees PersonY opportunity--none
oEffect,xIntent,PersonX sees PersonY opportunity--none
oEffect,xIntent,PersonX furthers PersonY's ends--accomplish something
oEffect,xIntent,PersonX cuts off PersonY's retreat--cannot escape
oEffect,xIntent,PersonX cuts off PersonY's retreat--face capture
oEffect,xIntent,PersonX cuts off PersonY's retreat--none
oEffect,xIntent,PersonX cuts off PersonY's retreat--none
oEffect,xIntent,PersonX blows PersonY's brains out--none
oEffect,xIntent,PersonX blows PersonY's brains out--gets hurt
oEffect,xIntent,PersonX blows PersonY's brains out--dies
oEffect,xIntent,PersonX murders PersonY's wife--seeks retribution
oEffect,xIntent,PersonX holds PersonY hand--smiles
oEffect,xIntent,PersonX uses PersonX's power--focuses on more important things
oEffect,xIntent,PersonX increases PersonY's rate--gets tired
oEffect,xIntent,PersonX increases PersonY's rate--gets higher bonus
oEffect,xIntent,PersonX makes PersonY feel better--smiles
oEffect,xIntent,PersonX asks PersonY's mother--gives answer
oEffect,xIntent,PersonX asks PersonY's mother--is happy
oEffect,xIntent,PersonX makes PersonY's feel--makes a friend
oEffect,xIntent,PersonX goes out with PersonY's friends--goes to the bar
oEffect,xIntent,PersonX goes out with PersonY's friends--drinks beer
oEffect,xIntent,PersonX holds PersonY's hand--They scream
oEffect,xIntent,PersonX holds PersonY's hand--pulls it away
oEffect,xIntent,PersonX takes PersonY to dinner--goes to dinner
oEffect,xIntent,PersonX feels bad for PersonY--none
oEffect,xIntent,PersonX feels bad for PersonY--none
oEffect,xIntent,PersonX feels bad for PersonY--none
oEffect,xIntent,PersonX tells PersonY's dad--none
oEffect,xIntent,PersonX tells PersonY's dad--Gets grounded
oEffect,xIntent,PersonX saves PersonY's money--starts crying
oEffect,xIntent,PersonX faces PersonY's fear--has a better time with their fear
oEffect,xIntent,PersonX faces PersonY's fear--learns not to be scared
oEffect,xIntent,PersonX walks PersonY's dog--less money
oEffect,xIntent,PersonX walks PersonY's dog--has more time
oEffect,xIntent,PersonX shows PersonY's friends--see something new
oEffect,xIntent,PersonX shows PersonY's friends--learn something
oEffect,xIntent,PersonX tells PersonY's husband--cries
oEffect,xIntent,PersonX tells PersonY's husband--runs in despair
oEffect,xIntent,PersonX tells PersonY's husband--Jumps back in surprise
oEffect,xIntent,PersonX calls PersonY's boss--experience difficulties at work
oEffect,xIntent,PersonX challenges ___ to a game--grins back
oEffect,xIntent,PersonX closes PersonY's eyes--becomes frustrated
oEffect,xIntent,PersonX closes PersonY's eyes--screams
oEffect,xIntent,PersonX saves up PersonY's money--Spends money
oEffect,xIntent,PersonX saves up PersonY's money--have greater savings
oEffect,xIntent,PersonX saves up PersonY's money--can invest funds
oEffect,xIntent,PersonX feels a lot better--none
oEffect,xIntent,PersonX feels a lot better--none
oEffect,xIntent,PersonX feels a lot better--none
oEffect,xIntent,PersonX makes PersonY's feel better--none
oEffect,xIntent,PersonX makes PersonY's feel better--receives support
oEffect,xIntent,PersonX makes PersonY's feel better--smiles
oEffect,xIntent,PersonX takes PersonY's test--will remain unintelligent.
oEffect,xIntent,PersonX takes PersonY's test--get caught for cheating.
oEffect,xIntent,PersonX accepts PersonY's offer--signs papers
oEffect,xIntent,PersonX plans PersonY's wedding--attends an event
oEffect,xIntent,PersonX plans PersonY's wedding--gets married
oEffect,xIntent,PersonX clicks on the email button--received a reply email
oEffect,xIntent,PersonX clicks on the email button--read email
oEffect,xIntent,PersonX makes PersonY mad--yells
oEffect,xIntent,PersonX makes PersonY mad--none
oEffect,xIntent,PersonX crosses PersonY's arms--laughs
oEffect,xIntent,PersonX rubs PersonY's head--gets an itch on head
oEffect,xIntent,PersonX rubs PersonY's head--person x feels good
oEffect,xIntent,PersonX rubs PersonY's head--person x is chill
oEffect,xIntent,PersonX gives PersonY PersonY's number--can call Y on the phone
oEffect,xIntent,PersonX proves PersonY's point--listens
oEffect,xIntent,PersonX wraps around PersonY's neck--person x gets hurt
oEffect,xIntent,PersonX claps PersonY's hands--claps
oEffect,xIntent,PersonX wraps around PersonY--takes on their scent
oEffect,xIntent,PersonX wraps around PersonY--panics
oEffect,xIntent,PersonX wraps around PersonY--hugs back
oEffect,xIntent,PersonX holds PersonY's head--is now safe
oEffect,xIntent,PersonX feels PersonY's hands--are touched
oEffect,xIntent,PersonX feels PersonY's hands--are felt
oEffect,xIntent,PersonX holds up PersonY's hand--be happy
oEffect,xIntent,PersonX holds up PersonY's hand--to be bold
oEffect,xIntent,PersonX holds up PersonY's hand--person y answers a question
oEffect,xIntent,PersonX holds up PersonY's hand--person y answers another question
oEffect,xIntent,PersonX swings PersonY's legs--moves legs
oEffect,xIntent,PersonX shakes PersonY's hand--meets someone
oEffect,xIntent,PersonX shakes PersonY's hand--gets sweaty palms
oEffect,xIntent,PersonX shakes PersonY's hand--grips peronsy's hand to tight
oEffect,xIntent,PersonX talks to PersonY today--talks
oEffect,xIntent,PersonX talks to PersonY today--listens
oEffect,xIntent,PersonX goes shopping with PersonY--gets suggestions on shopping
oEffect,xIntent,PersonX goes shopping with PersonY--pays the bill
oEffect,xIntent,PersonX goes shopping with PersonY--gets excited
oEffect,xIntent,PersonX goes shopping with PersonY--gets bored
oEffect,xIntent,PersonX goes shopping with PersonY--gets tired
oEffect,xIntent,PersonX means the world to PersonY--gets married
oEffect,xIntent,PersonX means the world to PersonY--gets engaged
oEffect,xIntent,PersonX means the world to PersonY--none
oEffect,xIntent,PersonX means the world to PersonY--none
oEffect,xIntent,PersonX crosses PersonY's arms over PersonY's chest--is creeped out
oEffect,xIntent,PersonX crosses PersonY's arms over PersonY's chest--submits
oEffect,xIntent,PersonX catches in PersonY's throat--none
oEffect,xIntent,PersonX catches in PersonY's throat--none
oEffect,xIntent,PersonX pulls PersonY into PersonY's arms--gets surprised
oEffect,xIntent,PersonX pulls PersonY into PersonY's arms--hugs him
oEffect,xIntent,PersonX sees the look on PersonY's face--looks mad
oEffect,xIntent,PersonX sees the look on PersonY's face--want's to know why they did what they did
oEffect,xIntent,PersonX sees the look on PersonY's face--none
oEffect,xIntent,PersonX makes PersonY feel good--smiles
oEffect,xIntent,PersonX makes PersonY feel good--makes a friend
oEffect,xIntent,PersonX makes PersonY feel good--he is grateful
oEffect,xIntent,PersonX holds PersonY tighter--gets hugged
oEffect,xIntent,PersonX holds PersonY tighter--gets kissed
oEffect,xIntent,PersonX drives PersonY to the airport--gets luggage
oEffect,xIntent,PersonX purses PersonY's lips--smiles
oEffect,xIntent,PersonX closes PersonY's eyes for a moment--gets startled
oEffect,xIntent,PersonX closes PersonY's eyes for a moment--becomes surprised
oEffect,xIntent,PersonX closes PersonY's eyes for a moment--waits
oEffect,xIntent,PersonX closes PersonY's eyes for a moment--person y opens eyes
oEffect,xIntent,PersonX spreads PersonY's wings--But cannot
oEffect,xIntent,PersonX wraps ___ around my waist--responds
oEffect,xIntent,PersonX wraps ___ around my waist--gives thanks
oEffect,xIntent,PersonX gives ___ PersonY's number--receive call from unfamiliar number
oEffect,xIntent,PersonX gives ___ PersonY's number--gets a voicemail
oEffect,xIntent,PersonX gives ___ PersonY's number--receives new information
oEffect,xIntent,PersonX leaves without PersonY--gets frost burns
oEffect,xIntent,PersonX leaves without PersonY--gets robbed
oEffect,xIntent,PersonX claps PersonY's hands together--gets hurt
oEffect,xIntent,PersonX falls to PersonY's knees--none
oEffect,xIntent,PersonX falls to PersonY's knees--none
oEffect,xIntent,PersonX spends too much time--none
oEffect,xIntent,PersonX spends too much time--none
oEffect,xIntent,PersonX spends too much time--none
oEffect,xIntent,PersonX closes PersonY's eyes again--gets excited
oEffect,xIntent,PersonX moves away from PersonY--makes video call
oEffect,xIntent,PersonX gives PersonY my number--gets thanked
oEffect,xIntent,PersonX gives PersonY my number--receives appreciation
oEffect,xIntent,PersonX gives PersonY my number--gets yelled at
oEffect,xIntent,PersonX gives PersonY my number--get nervous
oEffect,xIntent,PersonX gives PersonY my number--gets stressed
oEffect,xIntent,PersonX gives PersonY my number--thinks about calling me
oEffect,xIntent,PersonX gives PersonY my number--saves number on phone
oEffect,xIntent,PersonX wraps around PersonY's waist--lets him get away with everything
oEffect,xIntent,PersonX wraps around PersonY's waist--wonders about it
oEffect,xIntent,PersonX picks PersonY up at the airport--wants to get home
oEffect,xIntent,PersonX picks PersonY up at the airport--receives a handshake
oEffect,xIntent,PersonX picks PersonY up at the airport--gets hugged
oEffect,xIntent,PersonX stills loves PersonY--winks
oEffect,xIntent,PersonX stills loves PersonY--none
oEffect,xIntent,PersonX stills loves PersonY--feels honored
oEffect,xIntent,PersonX stills loves PersonY--falls in love with someone else
oEffect,xIntent,PersonX knows anything about PersonY--blushes
oEffect,xIntent,PersonX knows anything about PersonY--gets hot
oEffect,xIntent,PersonX rocks ___ back and forth--sleeps
oEffect,xIntent,PersonX rocks ___ back and forth--wakes back up
oEffect,xIntent,PersonX holds ___ in PersonY's hands--jumps back
oEffect,xIntent,PersonX slips PersonY's hands--none
oEffect,xIntent,PersonX slips PersonY's hands--none
oEffect,xIntent,PersonX slips PersonY's hands--none
oEffect,xIntent,PersonX has ever happened to PersonY--none
oEffect,xIntent,PersonX has ever happened to PersonY--none
oEffect,xIntent,PersonX lies on PersonY's back--shirt gets wrinkled
oEffect,xIntent,PersonX lies on PersonY's back--gets heavier
oEffect,xIntent,PersonX lies on PersonY's back--can't breath
oEffect,xIntent,PersonX eats PersonY's dinner--gets hungry
oEffect,xIntent,PersonX eats PersonY's dinner--gets food  thrown into face
oEffect,xIntent,PersonX answers PersonY's question--change their opinion
oEffect,xIntent,PersonX answers PersonY's question--has a personal revelation
oEffect,xIntent,PersonX drags PersonY back--gets hurt
oEffect,xIntent,PersonX sounds good to PersonY--laughs
oEffect,xIntent,PersonX shakes PersonY's head slightly--gets annoyed
oEffect,xIntent,PersonX later told PersonY--Hear
oEffect,xIntent,PersonX later told PersonY--recive an idea
oEffect,xIntent,PersonX comes out of PersonY's mouth--gags
oEffect,xIntent,PersonX comes out of PersonY's mouth--none
oEffect,xIntent,PersonX comes out of PersonY's mouth--none
oEffect,xIntent,PersonX cries PersonY's eyes--none
oEffect,xIntent,PersonX cries PersonY's eyes--none
oEffect,xIntent,PersonX quickens PersonY's pace--loses the competition
oEffect,xIntent,PersonX quickens PersonY's pace--wins the race
oEffect,xIntent,PersonX quickens PersonY's pace--receives the award
oEffect,xIntent,PersonX throws PersonY's arms around PersonY--are surprised
oEffect,xIntent,PersonX holds up PersonY's hands--is excited
oEffect,xIntent,PersonX holds up PersonY's hands--has her hands pulled back
oEffect,xIntent,PersonX shakes PersonY's head no--none
oEffect,xIntent,PersonX shakes PersonY's head no--moves mouth
oEffect,xIntent,PersonX shakes PersonY's head no--none
oEffect,xIntent,PersonX walks PersonY to the door--got angry
oEffect,xIntent,PersonX shakes PersonY's head again--cries
oEffect,xIntent,PersonX grasps both of breasts firmly--manual stimulation
oEffect,xIntent,PersonX grasps both of breasts firmly--get lot of pleasure as well
oEffect,xIntent,PersonX never told PersonY--none
oEffect,xIntent,PersonX knows yet why PersonY died--none
oEffect,xIntent,PersonX knows yet why PersonY died--none
oEffect,xIntent,PersonX pulls ___ into PersonY's arms--pushes
oEffect,xIntent,PersonX pulls ___ into PersonY's arms--submits
oEffect,xIntent,PersonX pulls ___ into PersonY's arms--is showered with affection
oEffect,xIntent,PersonX pulls ___ into PersonY's arms--is told they are loved
oEffect,xIntent,PersonX looks at PersonY expectantly--is nervous
oEffect,xIntent,PersonX holds ___ in PersonY's hand--no
oEffect,xIntent,PersonX holds ___ in PersonY's hand--puts it away
oEffect,xIntent,PersonX laughs in PersonY's face--none
oEffect,xIntent,PersonX holds PersonY's head up--wants to sit
oEffect,xIntent,PersonX holds PersonY's head up--want to be free
oEffect,xIntent,PersonX holds PersonY's hands up--shouts
oEffect,xIntent,PersonX leaves PersonY's home--gets thanked
oEffect,xIntent,PersonX leaves PersonY's home--receives appreciation
oEffect,xIntent,PersonX runs PersonY's hands through--feels tired
oEffect,xIntent,PersonX traces PersonY's fingers--smiles
oEffect,xIntent,PersonX traces PersonY's fingers--gets kissed
oEffect,xIntent,PersonX traces PersonY's fingers--has marks on hand
oEffect,xIntent,PersonX traces PersonY's fingers--removes hand from paper
oEffect,xIntent,PersonX swings PersonY around--becomes startled
oEffect,xIntent,PersonX swings PersonY around--falls down
oEffect,xIntent,PersonX puts ___ around PersonY's waist--jumps in surprise
oEffect,xIntent,PersonX puts ___ around PersonY's waist--lean on the person
oEffect,xIntent,PersonX puts ___ around PersonY's waist--let go of the person
oEffect,xIntent,PersonX shakes PersonY's head sadly--frowns
oEffect,xIntent,PersonX shakes PersonY's head sadly--cries
oEffect,xIntent,PersonX hands ___ back to PersonY--Looks at the item
oEffect,xIntent,PersonX hands ___ back to PersonY--none
oEffect,xIntent,PersonX wraps ___ around waist--smiles
oEffect,xIntent,PersonX wraps ___ around waist--blushes
oEffect,xIntent,PersonX wraps ___ around waist--get wrapped around the person
oEffect,xIntent,PersonX wraps ___ around waist--get warmer
oEffect,xIntent,PersonX wraps ___ around waist--Person sighs with relief
oEffect,xIntent,PersonX wraps ___ around waist--Person giggles in excitement
oEffect,xIntent,PersonX undoes PersonY's pants--gets laid
oEffect,xIntent,PersonX undoes PersonY's pants--gets begged
oEffect,xIntent,PersonX checks out my two newest creations--wants to make money
oEffect,xIntent,PersonX checks out my two newest creations--becomes glad
oEffect,xIntent,PersonX keeps PersonY calm--releases anxiety
oEffect,xIntent,PersonX eats dinner with PersonY--starts digesting
oEffect,xIntent,PersonX stops at nothing--none
oEffect,xIntent,PersonX stops at nothing--none
oEffect,xIntent,PersonX stops at nothing--none
oEffect,xIntent,PersonX goes begging--have less money
oEffect,xIntent,PersonX broadens PersonY's horizons--none
oEffect,xIntent,PersonX broadens PersonY's horizons--LOVE
oEffect,xIntent,PersonX closes PersonX's eyes and think of england--none
oEffect,xIntent,PersonX closes PersonX's eyes and think of england--none
oEffect,xIntent,PersonX closes PersonX's eyes and think of england--none
oEffect,xIntent,PersonX drops a dime--none
oEffect,xIntent,PersonX buries the lead--none
oEffect,xIntent,PersonX buries the lead--the audience feels something suspicious is up
oEffect,xIntent,PersonX buries the lead--none
oEffect,xIntent,PersonX holds PersonY's hand--They scream
oEffect,xIntent,PersonX holds PersonY's hand--pulls it away
oEffect,xIntent,PersonX gets to the point--gets stressed
oEffect,xIntent,PersonX gets to the point--starts crying
oEffect,xIntent,PersonX bats PersonX's eyelashes--none
oEffect,xIntent,PersonX bats PersonX's eyelashes--none
oEffect,xIntent,PersonX bats PersonX's eyelashes--none
oEffect,xIntent,PersonX pockets dial--wants to call them back
oEffect,xIntent,PersonX pockets dial--none
oEffect,xIntent,PersonX pockets dial--spends time
oEffect,xIntent,PersonX gets PersonX's marching orders--they know it will be done right
oEffect,xIntent,PersonX gets into PersonY's pants--decides what to do next
oEffect,xIntent,PersonX closes PersonX's eyes--none
oEffect,xIntent,PersonX has PersonX's head read--can't hide secret
oEffect,xIntent,PersonX has PersonX's head read--Knowledge can be passed to others.
oEffect,xIntent,PersonX has PersonX's head read--Can read aloud for others.
oEffect,xIntent,PersonX rides tall in the saddle--are confident themself
oEffect,xIntent,PersonX gives PersonY a bloody nose--cries
oEffect,xIntent,PersonX gives PersonY a bloody nose--goes to the hospital
oEffect,xIntent,PersonX gives PersonY a bloody nose--none
oEffect,xIntent,PersonX ceases to be--none
oEffect,xIntent,PersonX has PersonX's ducks in a row--none
oEffect,xIntent,PersonX holds PersonX's breath--none
oEffect,xIntent,PersonX holds PersonX's breath--none
oEffect,xIntent,PersonX holds PersonX's breath--none
oEffect,xIntent,PersonX pisses on PersonY's bonfire--reacts
oEffect,xIntent,PersonX pisses on PersonY's bonfire--loses fire
oEffect,xIntent,PersonX rubs salt in PersonY's wounds--Cries
oEffect,xIntent,PersonX rubs salt in PersonY's wounds--Yells
oEffect,xIntent,PersonX rubs salt in PersonY's wounds--Screams in agony
oEffect,xIntent,PersonX rubs salt in PersonY's wounds--Yells in pain
oEffect,xIntent,PersonX pays PersonX's debt to society--none
oEffect,xIntent,PersonX pays PersonX's debt to society--none
oEffect,xIntent,PersonX sleeps rough--feel suffer by noise
oEffect,xIntent,PersonX stands PersonY in good stead--none
oEffect,xIntent,PersonX stands PersonY in good stead--becomes thankfull
oEffect,xIntent,PersonX stands PersonY in good stead--none
oEffect,xIntent,PersonX stands corrected--none
oEffect,xIntent,PersonX stands corrected--laughs
oEffect,xIntent,PersonX stands corrected--points finger
oEffect,xIntent,PersonX stands corrected--none
oEffect,xIntent,PersonX keeps PersonY posted--listens
oEffect,xIntent,PersonX keeps PersonY posted--some idea
oEffect,xIntent,PersonX keeps PersonY posted--to be great
oEffect,xIntent,PersonX tears PersonX's hair out--persony has scratches on his head.
oEffect,xIntent,PersonX gets moving--They get to where they are going
oEffect,xIntent,PersonX loses face--none
oEffect,xIntent,PersonX loses face--none
oEffect,xIntent,PersonX bends over backwards--none
oEffect,xIntent,PersonX bends over backwards--none
oEffect,xIntent,PersonX bends over backwards--none
oEffect,xIntent,PersonX lightens PersonY's purse--get's a receipt
oEffect,xIntent,PersonX lightens PersonY's purse--moves faster
oEffect,xIntent,PersonX rides the coattails--learns from teaching
oEffect,xIntent,PersonX wastes breath--none
oEffect,xIntent,PersonX wastes breath--none
oEffect,xIntent,PersonX asks for the moon--look at the stars
oEffect,xIntent,PersonX asks for the moon--do not see the moon
oEffect,xIntent,PersonX reads the room--wait's for the show
oEffect,xIntent,PersonX reads the room--hopes to laugh
oEffect,xIntent,PersonX throws PersonX's cap over the windmill--Has to fix windmill
oEffect,xIntent,PersonX throws PersonX's cap over the windmill--none
oEffect,xIntent,PersonX puts PersonX's house in order--They sit and relax now all the hard work is finished.
oEffect,xIntent,PersonX falls by the wayside--none
oEffect,xIntent,PersonX falls by the wayside--none
oEffect,xIntent,PersonX falls by the wayside--none
oEffect,xIntent,PersonX redeems oneself--feel proud
oEffect,xIntent,PersonX looks down PersonX's shirt--none
oEffect,xIntent,PersonX looks down PersonX's shirt--none
oEffect,xIntent,PersonX looks down PersonX's shirt--none
oEffect,xIntent,PersonX swallows PersonX's pride--none
oEffect,xIntent,PersonX swallows PersonX's pride--none
oEffect,xIntent,PersonX loses PersonX's shirt--shouts
oEffect,xIntent,PersonX loses PersonX's shirt--has to buy new shirt
oEffect,xIntent,PersonX loses PersonX's shirt--none
oEffect,xIntent,PersonX loses PersonX's shirt--none
oEffect,xIntent,PersonX looses cannon--none
oEffect,xIntent,PersonX looses cannon--die
oEffect,xIntent,PersonX looses cannon--are maimed
oEffect,xIntent,PersonX gets on PersonY's nerves--does not speak any more
oEffect,xIntent,PersonX gets on PersonY's nerves--personY annoyed
oEffect,xIntent,PersonX gets on PersonY's nerves--leaves
oEffect,xIntent,PersonX gets on PersonY's nerves--yells
oEffect,xIntent,PersonX leaned toward PersonY--smiles
oEffect,xIntent,PersonX resists PersonY attack--gets arrested
oEffect,xIntent,PersonX resists PersonY attack--goes to jail
oEffect,xIntent,PersonX tells PersonY to send--responds to request
oEffect,xIntent,PersonX tells PersonY to send--assumes responsibility
oEffect,xIntent,PersonX left PersonY behind--becomes angry
oEffect,xIntent,PersonX left PersonY behind--receives sympathy from others
oEffect,xIntent,PersonX left PersonY behind--gets lost
oEffect,xIntent,PersonX interferes in PersonY way--is blocked
oEffect,xIntent,PersonX interferes in PersonY way--is told to move
oEffect,xIntent,PersonX finds PersonY alone--gets questioned
oEffect,xIntent,PersonX finds PersonY alone--gets asked to be joined
oEffect,xIntent,PersonX gives birth to children--cries
oEffect,xIntent,PersonX asks PersonY to show--person Y shows up
oEffect,xIntent,PersonX makes friends with PersonY--now has someone to talk to
oEffect,xIntent,PersonX makes friends with PersonY--has someone to spend time with
oEffect,xIntent,PersonX makes friends with PersonY--has someone to lean on
oEffect,xIntent,PersonX makes friends with PersonY--has someone to confide in
oEffect,xIntent,PersonX makes friends with PersonY--makes plans to meet
oEffect,xIntent,PersonX makes friends with PersonY--gets phone number
oEffect,xIntent,PersonX wrappeds around PersonY--lose space
oEffect,xIntent,PersonX wrappeds around PersonY--stays there
oEffect,xIntent,PersonX takes PersonY to the station--buys ticket
oEffect,xIntent,PersonX takes PersonY to the station--gets locked in jail
oEffect,xIntent,PersonX stands PersonY in stead--gets more responsibilities
oEffect,xIntent,PersonX stands PersonY in stead--gets more rewards
oEffect,xIntent,PersonX makes PersonY escape--smiles
oEffect,xIntent,PersonX minds PersonY asking--none
oEffect,xIntent,PersonX takes ___ in the battle--becomes injured
oEffect,xIntent,PersonX gives the reader PersonY ___--food
oEffect,xIntent,PersonX takes PersonY opportunity--passes judgement
oEffect,xIntent,PersonX gets PersonY information--wants to know what they think
oEffect,xIntent,PersonX gets PersonY information--waits to see what they say
oEffect,xIntent,PersonX gets PersonY information--Receives information
oEffect,xIntent,"PersonX gets PersonY information--Becomes pleased, satisfied"
oEffect,xIntent,PersonX gives PersonY a push--wins the game
oEffect,xIntent,PersonX gives PersonY a push--gets handicapped
oEffect,xIntent,PersonX gives PersonY a push--gets hospitalized
oEffect,xIntent,PersonX gives PersonY a push--is kicked in the head
oEffect,xIntent,PersonX throws stones at PersonY--gets injured
oEffect,xIntent,PersonX throws stones at PersonY--gets hurt
oEffect,xIntent,PersonX takes PersonY account--calls bank
oEffect,xIntent,PersonX sees PersonY night--don't want to see persony
oEffect,xIntent,PersonX sees PersonY night--they owe persony money
oEffect,xIntent,PersonX gives PersonY the number--Gets number.
oEffect,xIntent,PersonX requests PersonY interview--hopes things go well
oEffect,xIntent,PersonX loses PersonY time--be carefull
oEffect,xIntent,PersonX loses PersonY time--be happy
oEffect,xIntent,PersonX loses PersonY time--none
oEffect,xIntent,PersonX greets PersonY warmly--must be nice back
oEffect,xIntent,PersonX greets PersonY warmly--has to talk or catch up
oEffect,xIntent,PersonX greets PersonY warmly--never talks to him again
oEffect,xIntent,PersonX pays PersonY indemnity--has indmenity paid for
oEffect,xIntent,PersonX gets behind PersonY--none
oEffect,xIntent,PersonX gets behind PersonY--none
oEffect,xIntent,PersonX exerts PersonY effect--thanks person y
oEffect,xIntent,PersonX exerts PersonY effect--helps out
oEffect,xIntent,PersonX takes effect on PersonY--none
oEffect,xIntent,PersonX takes effect on PersonY--none
oEffect,xIntent,PersonX gives PersonY the command--takes charge
oEffect,xIntent,PersonX loses PersonY arm--none
oEffect,xIntent,PersonX loses PersonY arm--none
oEffect,xIntent,PersonX causes PersonY explosion--none
oEffect,xIntent,PersonX makes PersonY visit--talks to or visits
oEffect,xIntent,PersonX gives PersonY the ability--has more abilities
oEffect,xIntent,PersonX tells PersonY the reason--gives their opinion
oEffect,xIntent,PersonX tells PersonY the reason--listens
oEffect,xIntent,PersonX leads to PersonY understanding--open mindedness
oEffect,xIntent,PersonX marries PersonY daughter--shows love
oEffect,xIntent,PersonX crowds around PersonY--cries
oEffect,xIntent,PersonX gives birth to a daughter--cries
oEffect,xIntent,PersonX gives birth to a daughter--sleeps
oEffect,xIntent,PersonX lies on PersonY back--gets hurt
oEffect,xIntent,PersonX lies on PersonY back--screams in pain
oEffect,xIntent,PersonX inspires PersonY with confidence--feels indebted
oEffect,xIntent,PersonX gives the reader some ___--have knowledge to perform better
oEffect,xIntent,PersonX carries PersonY into execution--receives complaints form personx
oEffect,xIntent,PersonX carries PersonY into execution--gets nervous
oEffect,xIntent,PersonX carries PersonY into execution--regrets his mistakes
oEffect,xIntent,PersonX proves PersonY point--smiles
oEffect,xIntent,PersonX proves PersonY point--is shown to be correct
oEffect,xIntent,PersonX achieves PersonY objective--motivate
oEffect,xIntent,PersonX achieves PersonY objective--coach
oEffect,xIntent,PersonX achieves PersonY objective--inspire
oEffect,xIntent,PersonX gives PersonY command--are submissive
oEffect,xIntent,PersonX gives PersonY a shock--gets frustrated
oEffect,xIntent,PersonX gives PersonY a shock--jumps in fright
oEffect,xIntent,PersonX gives PersonY a shock--see's who it is
oEffect,xIntent,PersonX gives PersonY a number--gets sweaty palms
oEffect,xIntent,PersonX gives PersonY a number--gets cold feet
oEffect,xIntent,PersonX gives PersonY a number--is thanked
oEffect,xIntent,PersonX gives PersonY a number--is asked more info about number
oEffect,xIntent,PersonX eats PersonY dinner--shouts
oEffect,xIntent,PersonX eats PersonY dinner--buys another meal
oEffect,xIntent,PersonX affords PersonY protection--none
oEffect,xIntent,PersonX saves PersonY money--none
oEffect,xIntent,PersonX saves PersonY money--none
oEffect,xIntent,PersonX saves PersonY money--smiles
oEffect,xIntent,PersonX gives birth to the PersonY--body relaxes
oEffect,xIntent,PersonX gives birth to the PersonY--gets held
oEffect,xIntent,PersonX shakes PersonY 's hand--hears his name
oEffect,xIntent,PersonX shakes PersonY 's hand--nods head in greeting
oEffect,xIntent,PersonX tells PersonY to return--Person y returns
oEffect,xIntent,PersonX tells PersonY to return--none
oEffect,xIntent,PersonX sees PersonY daughter--introduce herself
oEffect,xIntent,PersonX sees PersonY daughter--smiles back
oEffect,xIntent,PersonX sees PersonY daughter--Gets goosebumps
oEffect,xIntent,PersonX grants PersonY title--gets congratulated
oEffect,xIntent,PersonX grants PersonY title--is contacted by more people
oEffect,xIntent,PersonX prevents PersonY from giving--does not receive promotion
oEffect,xIntent,PersonX prevents PersonY from giving--none
oEffect,xIntent,PersonX amends PersonY act--looks down in shame
oEffect,xIntent,PersonX mentions in PersonY chapter--none
oEffect,xIntent,PersonX mentions in PersonY chapter--none
oEffect,xIntent,PersonX describes in detail later--gets information
oEffect,xIntent,PersonX describes in detail later--cleared doubts
oEffect,xIntent,PersonX closes around PersonY--gets annoyed
oEffect,xIntent,PersonX forgets to do PersonX's homework--none
oEffect,xIntent,PersonX forgets to do PersonX's homework--none
oEffect,xIntent,PersonX forgets to do PersonX's homework--none
oEffect,xIntent,PersonX drinks PersonY's coffee--rolls eyes
oEffect,xIntent,PersonX joins PersonY's band--gets famous
oEffect,xIntent,PersonX joins PersonY's band--sings music
oEffect,xIntent,PersonX joins PersonY's band--Someone joins a band
oEffect,xIntent,PersonX can not find PersonX's keys--none
oEffect,xIntent,PersonX can not find PersonX's keys--none
oEffect,xIntent,PersonX can not find PersonX's keys--none
oEffect,xIntent,PersonX passes PersonX's math class--none
oEffect,xIntent,PersonX leaves PersonX's purse--none
oEffect,xIntent,PersonX leaves PersonX's purse--none
oEffect,xIntent,PersonX leaves PersonX's purse--none
oEffect,xIntent,PersonX kisses PersonX's date--experiences first kiss
oEffect,xIntent,PersonX can n't find PersonX's keys--none
oEffect,xIntent,PersonX can n't find PersonX's keys--none
oEffect,xIntent,PersonX can n't find PersonX's keys--none
oEffect,xIntent,PersonX loses PersonX's purse--none
oEffect,xIntent,PersonX loses PersonX's purse--none
oEffect,xIntent,PersonX loses PersonX's purse--none
oEffect,xIntent,PersonX asks PersonX's boyfriend--gets engaged
oEffect,xIntent,PersonX asks PersonX's boyfriend--gets married
oEffect,xIntent,PersonX loves PersonX's girlfriend--helps to create a effective life plans
oEffect,xIntent,PersonX loves PersonX's girlfriend--is cherished
oEffect,xIntent,PersonX loves PersonX's girlfriend--is given gifts
oEffect,xIntent,PersonX sleeps through PersonX's alarm--none
oEffect,xIntent,PersonX sleeps through PersonX's alarm--none
oEffect,xIntent,PersonX cancels PersonX's appointment--none
oEffect,xIntent,PersonX shows it off to PersonY's friends--dislike him
oEffect,xIntent,PersonX shows it off to PersonY's friends--make a friend
oEffect,xIntent,PersonX can n't find PersonX's car keys--none
oEffect,xIntent,PersonX scraps PersonX's knee--none
oEffect,xIntent,PersonX scraps PersonX's knee--none
oEffect,xIntent,PersonX laughs at PersonY's antics--gets irritated
oEffect,xIntent,PersonX laughs at PersonY's antics--receives praise for his work
oEffect,xIntent,PersonX passes PersonX's driving test--none
oEffect,xIntent,PersonX passes PersonX's driving test--none
oEffect,xIntent,PersonX passes PersonX's driving test--none
oEffect,xIntent,PersonX colors PersonY's hair--looks rebellious
oEffect,xIntent,PersonX colors PersonY's hair--gets more looks
oEffect,xIntent,PersonX colors PersonY's hair--smiles
oEffect,xIntent,PersonX colors PersonY's hair--pays the person
oEffect,xIntent,PersonX gives it to PersonY's friend--tells everyone about it
oEffect,xIntent,PersonX lands on PersonX's back--none
oEffect,xIntent,PersonX lands on PersonX's back--none
oEffect,xIntent,PersonX sees PersonY's leave--none
oEffect,xIntent,PersonX sees PersonY's leave--none
oEffect,xIntent,PersonX forgets PersonX's homework--none
oEffect,xIntent,PersonX forgets PersonX's homework--none
oEffect,xIntent,PersonX works hard at PersonX's job--make more money because PersonX works hard
oEffect,xIntent,PersonX works hard at PersonX's job--have other people try to be like PersonX
oEffect,xIntent,PersonX lands on PersonY's back--get apologies
oEffect,xIntent,PersonX babysits PersonX's nephew--has fun
oEffect,xIntent,PersonX babysits PersonX's nephew--has fun
oEffect,xIntent,PersonX grabs PersonY's tools--becomes shocked
oEffect,xIntent,PersonX shows all PersonX's friends--see something new
oEffect,xIntent,PersonX shows all PersonX's friends--learn information
oEffect,xIntent,PersonX breaks PersonY's wrist--screams
oEffect,xIntent,PersonX can n't find PersonY's phone--Yells
oEffect,xIntent,PersonX can n't find PersonY's phone--none
oEffect,xIntent,PersonX gives it to PersonX's friend--gets excited
oEffect,xIntent,PersonX is in PersonY's living room--offers a drink
oEffect,xIntent,PersonX goes bowling with PersonY's friends--competes with each other
oEffect,xIntent,PersonX goes bowling with PersonY's friends--has a good time
oEffect,xIntent,PersonX sees PersonY's niece--bonding time
oEffect,xIntent,PersonX sees PersonY's niece--becomes humble.
oEffect,xIntent,PersonX sees PersonY's niece--gets nauseous.
oEffect,xIntent,PersonX asks PersonY's grandma--is touched
oEffect,xIntent,PersonX asks PersonY's grandma--thinks about answer
oEffect,xIntent,PersonX turns PersonX's phone--none
oEffect,xIntent,PersonX turns PersonX's phone--none
oEffect,xIntent,PersonX turns PersonX's phone--none
oEffect,xIntent,PersonX feels satisfied with PersonY's work--none
oEffect,xIntent,PersonX fees PersonY's kids--gets receipts
oEffect,xIntent,PersonX fees PersonY's kids--lose some money
oEffect,xIntent,PersonX fees PersonY's kids--shout at kids
oEffect,xIntent,PersonX eats PersonY's candy--loses candy
oEffect,xIntent,PersonX goes camping with PersonX's friends--gets help pitching tent
oEffect,xIntent,PersonX goes camping with PersonX's friends--has a great time
oEffect,xIntent,PersonX goes camping with PersonY's friends--get constipated
oEffect,xIntent,PersonX goes camping with PersonY's friends--get rained on
oEffect,xIntent,PersonX is at PersonX's friend 's house--they need to rest
oEffect,xIntent,PersonX is at PersonX's friend 's house--make dinner
oEffect,xIntent,PersonX is at PersonX's friend 's house--gets thanked
oEffect,xIntent,PersonX takes PersonY's students--runs class better
oEffect,xIntent,PersonX makes PersonY's friends laugh--laugh
oEffect,xIntent,PersonX plays PersonY's heart--love
oEffect,xIntent,PersonX plays PersonY's heart--marriage
oEffect,xIntent,PersonX plays PersonY's heart--becomes flattered
oEffect,xIntent,PersonX plays PersonY's heart--has heart skip a beat
oEffect,xIntent,PersonX ignores PersonY's complaints--gets into fight
oEffect,xIntent,PersonX ignores PersonY's complaints--gets into argument
oEffect,xIntent,PersonX ignores PersonY's complaints--loses temper
oEffect,xIntent,PersonX ignores PersonY's complaints--none
oEffect,xIntent,PersonX talks about PersonY behind PersonZ's back--none
oEffect,xIntent,PersonX asks PersonY's mother for help--becomes agitated
oEffect,xIntent,PersonX breaks PersonY's window--become embarrassed
oEffect,xIntent,PersonX breaks PersonY's window--gets into argument
oEffect,xIntent,PersonX injures PersonX's leg--none
oEffect,xIntent,PersonX injures PersonX's leg--none
oEffect,xIntent,PersonX injures PersonX's leg--none
oEffect,xIntent,PersonX is skateboarding with PersonX's friends--has fun
oEffect,xIntent,PersonX is skateboarding with PersonX's friends--grins
oEffect,xIntent,PersonX brings PersonY's kids--gets hugged by kids
oEffect,xIntent,PersonX brings PersonY's kids--gets relaxed to see kids
oEffect,xIntent,PersonX walks to PersonX's class--interrupts a pop quiz
oEffect,xIntent,PersonX walks to PersonX's class--teacher has to yell at Y
oEffect,xIntent,PersonX loves PersonY's voice--none
oEffect,xIntent,PersonX loves PersonY's voice--sings
oEffect,xIntent,PersonX loves PersonY's voice--gets nice words from the other person
oEffect,xIntent,PersonX slips from PersonY's hands--physically lose hold on other person
oEffect,xIntent,PersonX slips from PersonY's hands--strain bone and muscle from trying to maintain hold
oEffect,xIntent,PersonX slips from PersonY's hands--none
oEffect,xIntent,PersonX slips from PersonY's hands--breathes heavily
oEffect,xIntent,PersonX can n't find PersonX's shoes--none
oEffect,xIntent,PersonX can n't find PersonX's shoes--none
oEffect,xIntent,PersonX can n't find PersonX's shoes--none
oEffect,xIntent,PersonX loves PersonX's voice--none
oEffect,xIntent,PersonX loves PersonX's voice--none
oEffect,xIntent,PersonX loves PersonX's voice--none
oEffect,xIntent,PersonX finds a better job--work gets done better
oEffect,xIntent,PersonX can n't find anything--none
oEffect,xIntent,PersonX can n't find anything--none
oEffect,xIntent,PersonX does n't feel well--none
oEffect,xIntent,PersonX does n't feel well--none
oEffect,xIntent,PersonX can n't find one--none
oEffect,xIntent,PersonX can n't find one--none
oEffect,xIntent,PersonX can n't find PersonY anywhere--none
oEffect,xIntent,PersonX can n't find PersonY anywhere--none
oEffect,xIntent,PersonX can n't find PersonY anywhere--none
oEffect,xIntent,PersonX goes trick or treating--give away candy
oEffect,xIntent,PersonX goes trick or treating--meet new people
oEffect,xIntent,PersonX sees if PersonY was okay--talks to him
oEffect,xIntent,PersonX helps PersonY learn--absorbs concept
oEffect,xIntent,PersonX helps PersonY learn--becomes an expert
oEffect,xIntent,PersonX helps PersonY learn--is encouraged to learn more
oEffect,xIntent,PersonX makes PersonY very sad--cries
oEffect,xIntent,PersonX makes PersonY very sad--cries
oEffect,xIntent,PersonX makes PersonY very sad--receives a hug
oEffect,xIntent,PersonX calls PersonY 's parents--hears voice
oEffect,xIntent,PersonX calls PersonY 's parents--hears ring
oEffect,xIntent,PersonX calls PersonY 's parents--to solve the matter
oEffect,xIntent,PersonX calls PersonY 's parents--escape from the matter
oEffect,xIntent,PersonX can n't find it anywhere--none
oEffect,xIntent,PersonX can n't find it anywhere--none
oEffect,xIntent,PersonX can n't find it anywhere--none
oEffect,xIntent,PersonX decides to keep PersonY--is accepted
oEffect,xIntent,PersonX decides to keep PersonY--happy
oEffect,xIntent,PersonX loses 15 pounds--none
oEffect,xIntent,PersonX loses 15 pounds--none
oEffect,xIntent,PersonX loses 15 pounds--none
oEffect,xIntent,PersonX plays card games--they bring snacks
oEffect,xIntent,PersonX gives PersonY a pep talk--receives encouragement
oEffect,xIntent,PersonX loses forty pounds--none
oEffect,xIntent,PersonX loses forty pounds--none
oEffect,xIntent,PersonX loses forty pounds--none
oEffect,xIntent,PersonX eats cereal instead--none
oEffect,xIntent,PersonX stops following PersonY--none
oEffect,xIntent,PersonX tries a new restaurant--cook
oEffect,xIntent,PersonX has n't eaten all day--none
oEffect,xIntent,PersonX has n't eaten all day--none
oEffect,xIntent,PersonX has n't eaten all day--none
oEffect,xIntent,PersonX decides to bake a cake--eat cake
oEffect,xIntent,PersonX tells PersonY needed glasses--gives payment
oEffect,xIntent,PersonX tells PersonY needed glasses--grabs glasses
oEffect,xIntent,PersonX tells PersonY needed glasses--is aware vision may be lacking
oEffect,xIntent,PersonX makes PersonY feel bad--Frowns
oEffect,xIntent,PersonX pretends not to see PersonY--none
oEffect,xIntent,PersonX pretends not to see PersonY--Gets the hint and moves on
oEffect,xIntent,PersonX pretends not to see PersonY--none
oEffect,xIntent,PersonX meets many new friends--has a new friend
oEffect,xIntent,PersonX meets many new friends--has someone to hang out with
oEffect,xIntent,PersonX meets many new friends--receives eye contact
oEffect,xIntent,PersonX meets PersonY at the park--socialization
oEffect,xIntent,PersonX meets PersonY at the park--uses time
oEffect,xIntent,PersonX tries a new trick--enjoys the entertainment
oEffect,xIntent,PersonX can n't find a job--none
oEffect,xIntent,PersonX can n't find a job--none
oEffect,xIntent,PersonX can n't find a job--none
oEffect,xIntent,PersonX helps PersonY walk--walks
oEffect,xIntent,PersonX helps PersonY walk--uses cane
oEffect,xIntent,PersonX plays together every day--get to know someone
oEffect,xIntent,PersonX asks if PersonY was okay--goes to hospital
oEffect,xIntent,PersonX is surprised to see PersonY--none
oEffect,xIntent,PersonX is surprised to see PersonY--none
oEffect,xIntent,PersonX stays at a friend 's house--become happy
oEffect,xIntent,PersonX finds a wallet on the street--none
oEffect,xIntent,PersonX finds a wallet on the street--none
oEffect,xIntent,PersonX finds a wallet on the ground--none
oEffect,xIntent,PersonX finds a wallet on the ground--none
oEffect,xIntent,PersonX finds a wallet on the ground--none
oEffect,xIntent,PersonX feels a lot of pain--none
oEffect,xIntent,PersonX feels a lot of pain--none
oEffect,xIntent,PersonX feels a lot of pain--none
oEffect,xIntent,PersonX stops drinking soda--none
oEffect,xIntent,PersonX stops drinking soda--none
oEffect,xIntent,PersonX does n't help much--none
oEffect,xIntent,PersonX does n't help much--none
oEffect,xIntent,PersonX does n't help much--none
oEffect,xIntent,PersonX tells PersonY that PersonZ had cancer--is shocked
oEffect,xIntent,PersonX tells PersonY that PersonZ had cancer--is asked questions
oEffect,xIntent,PersonX is a professional basketball player--wants to learn basketball
oEffect,xIntent,PersonX sleeps much better--none
oEffect,xIntent,PersonX sleeps much better--none
oEffect,xIntent,PersonX sleeps much better--none
oEffect,xIntent,PersonX plays flag football--Play flag football
oEffect,xIntent,PersonX plays flag football--Exert energy
oEffect,xIntent,PersonX plays flag football--scores a goal
oEffect,xIntent,PersonX plays flag football--passes the ball
oEffect,xIntent,PersonX plays flag football--runs
oEffect,xIntent,PersonX can not find PersonY anywhere--PersonY may be lost
oEffect,xIntent,PersonX can not find PersonY anywhere--gets lost
oEffect,xIntent,PersonX can not find PersonY anywhere--cannot see the other person
oEffect,xIntent,PersonX wants to travel to PersonY--jumps
oEffect,xIntent,PersonX wants to travel to PersonY--runs around
oEffect,xIntent,PersonX does n't seem to work--none
oEffect,xIntent,PersonX does n't seem to work--none
oEffect,xIntent,PersonX tells ___ PersonY needed glasses--none
oEffect,xIntent,PersonX gives ___ a pep talk--does a good job
oEffect,xIntent,PersonX gets ___ from the vending machine--gets money in return
oEffect,xIntent,PersonX gets ___ from the vending machine--get a business
oEffect,xIntent,PersonX asks ___ to go with PersonY--gets followed
oEffect,xIntent,PersonX asks ___ to go with PersonY--considers another direction
oEffect,xIntent,PersonX asks ___ to go with PersonY--become friends
oEffect,xIntent,PersonX asks ___ to go with PersonY--has a good time
oEffect,xIntent,PersonX takes ___ to the eye doctor--dilates pupils
oEffect,xIntent,PersonX takes ___ to the eye doctor--focuses eyes
oEffect,xIntent,PersonX shows ___ to all PersonX's friends--has a good time
oEffect,xIntent,PersonX shows ___ to all PersonX's friends--laughs
oEffect,xIntent,PersonX gives PersonY's friend ___--gets hugged
oEffect,xIntent,PersonX pours ___ over PersonY's head--yells
oEffect,xIntent,PersonX pours ___ over PersonY's head--laughs
oEffect,xIntent,PersonX pours ___ over PersonY's head--retaliates
oEffect,xIntent,PersonX pours ___ over PersonY's head--they get into a fight
oEffect,xIntent,PersonX shows ___ to PersonY's friends--gets ignored
oEffect,xIntent,PersonX shows ___ to PersonY's friends--gets into trouble
oEffect,xIntent,PersonX goes ___ with PersonY's friends--have fun
oEffect,xIntent,PersonX goes ___ with PersonY's friends--get exercise
oEffect,xIntent,PersonX scores ___ for PersonX's team--win the championship
oEffect,xIntent,PersonX scores ___ for PersonX's team--defeat opponent
oEffect,xIntent,PersonX shows PersonY's friends ___--borrow items
oEffect,xIntent,PersonX goes ___ with PersonX's friends--socializes
oEffect,xIntent,PersonX gives ___ to PersonX's friend--becomes thrilled
oEffect,xIntent,PersonX gives ___ to PersonX's friend--gives him a hug
oEffect,xIntent,PersonX gives ___ to PersonX's friend--feels indebted
oEffect,xIntent,PersonX gives ___ to PersonX's friend--gets engaged in conversation
oEffect,xIntent,PersonX pours ___ over PersonX's head--Laughs
oEffect,xIntent,PersonX plays together--has fun
oEffect,xIntent,PersonX plays together--gets tired
oEffect,xIntent,PersonX feels bad--none
oEffect,xIntent,PersonX feels bad--none
oEffect,xIntent,PersonX feels bad--none
oEffect,xIntent,PersonX saves money--none
oEffect,xIntent,PersonX saves money--none
oEffect,xIntent,PersonX is in high school--receive condanment for not helping person enough
oEffect,xIntent,PersonX gives birth--celebrate
oEffect,xIntent,PersonX raises money--riches
oEffect,xIntent,PersonX raises money--longevity
oEffect,xIntent,PersonX needs surgery--none
oEffect,xIntent,PersonX answers the door--makes eye contact
oEffect,xIntent,PersonX answers the door--shakes hand
oEffect,xIntent,PersonX answers the door--goes inside
oEffect,xIntent,PersonX holds hands--another person holds a hand
oEffect,xIntent,PersonX holds hands--their hand is warm
oEffect,xIntent,PersonX feels satisfied--none
oEffect,xIntent,PersonX feels satisfied--none
oEffect,xIntent,PersonX feels satisfied--none
oEffect,xIntent,PersonX hits a tree--none
oEffect,xIntent,PersonX hits a tree--none
oEffect,xIntent,PersonX screams in pain--none
oEffect,xIntent,PersonX screams in pain--none
oEffect,xIntent,PersonX has a new baby--relies on new parent
oEffect,xIntent,PersonX feels so bad--none
oEffect,xIntent,PersonX feels so bad--none
oEffect,xIntent,PersonX feels so bad--none
oEffect,xIntent,PersonX gets divorced--moves away
oEffect,xIntent,PersonX gets divorced--splits assets
oEffect,xIntent,PersonX feels pain--none
oEffect,xIntent,PersonX feels pain--none
oEffect,xIntent,PersonX always wore--none
oEffect,xIntent,PersonX always wore--none
oEffect,xIntent,PersonX stops the fight--don't go to jail
oEffect,xIntent,PersonX stops the fight--don't get hurt
oEffect,xIntent,PersonX spills all over the floor--none
oEffect,xIntent,PersonX spills all over the floor--none
oEffect,xIntent,PersonX calls my parents--Parents answer the phone
oEffect,xIntent,PersonX calls my parents--wonders want they want
oEffect,xIntent,PersonX stays silent--get out of trouble
oEffect,xIntent,PersonX uses my phone--I get a picture taken.
oEffect,xIntent,PersonX buys an apple--gets money
oEffect,xIntent,PersonX buys an apple--has fewer apples
oEffect,xIntent,PersonX tells bill--listen
oEffect,xIntent,PersonX tells bill--understand
oEffect,xIntent,PersonX calls my boss--gets nervous
oEffect,xIntent,PersonX calls my boss--becomes calm
oEffect,xIntent,PersonX calls my boss--Lays there
oEffect,xIntent,PersonX recently purchased--receives money
oEffect,xIntent,PersonX has a science test--grades papers
oEffect,xIntent,PersonX has trouble breathing--none
oEffect,xIntent,PersonX has trouble breathing--none
oEffect,xIntent,PersonX has trouble breathing--none
oEffect,xIntent,PersonX is a soccer player--wins the game
oEffect,xIntent,PersonX makes more friends--has another friend too
oEffect,xIntent,PersonX makes more friends--gets used to a new person in the group
oEffect,xIntent,PersonX feels a lot--none
oEffect,xIntent,PersonX feels bad but--none
oEffect,xIntent,PersonX feels bad but--listens to the advice
oEffect,xIntent,PersonX feels bad but--takes it to heart
oEffect,xIntent,PersonX is bullied in school--are dominant
oEffect,xIntent,PersonX is bullied in school--are abusive
oEffect,xIntent,PersonX finds friends--shares knowledge
oEffect,xIntent,PersonX finds friends--parties hard
oEffect,xIntent,PersonX starts a club--joins the club
oEffect,xIntent,PersonX starts a club--follows rules
oEffect,xIntent,PersonX starts a club--joins the club
oEffect,xIntent,PersonX starts a club--attends meetings
oEffect,xIntent,PersonX is completely ruined--none
oEffect,xIntent,PersonX is completely ruined--none
oEffect,xIntent,PersonX is completely ruined--none
oEffect,xIntent,PersonX leaves the food--none
oEffect,xIntent,PersonX leaves the food--none
oEffect,xIntent,PersonX decides to keep the cat--Cat has a owner now
oEffect,xIntent,PersonX accepts happily--says you're welcome
oEffect,xIntent,PersonX is running low--none
oEffect,xIntent,PersonX is running low--none
oEffect,xIntent,PersonX changes the world--none
oEffect,xIntent,PersonX changes the world--none
oEffect,xIntent,PersonX changes the world--none
oEffect,xIntent,PersonX fees ducks--They eat
oEffect,xIntent,PersonX gets a rash--none
oEffect,xIntent,PersonX gets a rash--none
oEffect,xIntent,PersonX starts shopping--recieves payment
oEffect,xIntent,PersonX starts shopping--thanks customer
oEffect,xIntent,PersonX flies planes--are flown through the air
oEffect,xIntent,PersonX flies planes--reach other destinations
oEffect,xIntent,PersonX sees a dentist--sees teeth
oEffect,xIntent,PersonX sees a dentist--talks to patient
oEffect,xIntent,PersonX badly wanted--is rejected
oEffect,xIntent,PersonX badly wanted--is sent texts
oEffect,xIntent,PersonX feels nostalgic--none
oEffect,xIntent,PersonX feels nostalgic--none
oEffect,xIntent,PersonX feels nostalgic--none
oEffect,xIntent,PersonX becomes distracted--none
oEffect,xIntent,PersonX becomes distracted--none
oEffect,xIntent,PersonX brings the kids--Drives them crazy
oEffect,xIntent,PersonX brings the kids--has fun
oEffect,xIntent,PersonX slips and falls--none
oEffect,xIntent,PersonX slips and falls--none
oEffect,xIntent,PersonX slips and falls--none
oEffect,xIntent,PersonX asks to go home--thinks about decision
oEffect,xIntent,PersonX pays the money--gets more money
oEffect,xIntent,PersonX pays the money--smiles with satisfaction
oEffect,xIntent,PersonX loses the ball--none
oEffect,xIntent,PersonX loses the ball--none
oEffect,xIntent,PersonX misses the target--none
oEffect,xIntent,PersonX misses the target--none
oEffect,xIntent,PersonX shakes my head--I shake their head back.
oEffect,xIntent,PersonX shakes my head--yells back
oEffect,xIntent,PersonX shakes my head--demand an answer
oEffect,xIntent,PersonX gets several compliments--wants to do it themself
oEffect,xIntent,PersonX realizes too late--none
oEffect,xIntent,PersonX realizes too late--none
oEffect,xIntent,PersonX realizes too late--none
oEffect,xIntent,PersonX thinks of a great solution--benefit from solution
oEffect,xIntent,PersonX likes the color--none
oEffect,xIntent,PersonX likes the color--none
oEffect,xIntent,PersonX likes the color--none
oEffect,xIntent,PersonX has run away--none
oEffect,xIntent,PersonX has run away--none
oEffect,xIntent,PersonX has run away--none
oEffect,xIntent,PersonX makes excuses--do not repeat the event
oEffect,xIntent,PersonX makes excuses--none
oEffect,xIntent,PersonX makes excuses--none
oEffect,xIntent,PersonX pulls PersonY over for speeding--receives a ticket
oEffect,xIntent,PersonX pulls PersonY over for speeding--has to pay a fine
oEffect,xIntent,PersonX asks to play--has to give an anwser
oEffect,xIntent,PersonX asks to play--thinks if they need to do anything else
oEffect,xIntent,PersonX takes PersonY a long time--gets into argument
oEffect,xIntent,PersonX takes PersonY a long time--rushes out
oEffect,xIntent,PersonX eventually healed--none
oEffect,xIntent,PersonX can not find a job--none
oEffect,xIntent,PersonX can not find a job--none
oEffect,xIntent,PersonX can not find a job--none
oEffect,xIntent,PersonX pays money--gets more money
oEffect,xIntent,PersonX pays money--has less stuff
oEffect,xIntent,PersonX pays money--receives money
oEffect,xIntent,PersonX pays money--puts money in register
oEffect,xIntent,PersonX talks about politics--receive appreciation for sharing personx stands
oEffect,xIntent,PersonX talks about politics--gives their opinion
oEffect,xIntent,PersonX feels very bad--none
oEffect,xIntent,PersonX feels very bad--none
oEffect,xIntent,PersonX feels a pain--none
oEffect,xIntent,PersonX sees the dentist--works on teeth
oEffect,xIntent,PersonX begins to hurt--none
oEffect,xIntent,PersonX begins to hurt--none
oEffect,xIntent,PersonX never told--yells
oEffect,xIntent,PersonX never told--gives punishment
oEffect,xIntent,PersonX never told--none
oEffect,xIntent,PersonX never told--none
oEffect,xIntent,PersonX gets engaged--smiles
oEffect,xIntent,PersonX makes any friends--have fun
oEffect,xIntent,PersonX stops drinking--none
oEffect,xIntent,PersonX stops drinking--none
oEffect,xIntent,PersonX stops drinking--none
oEffect,xIntent,PersonX gets cut--to angry
oEffect,xIntent,PersonX gets cut--to cut the vegetable
oEffect,xIntent,PersonX tastes amazing--finds new infromation
oEffect,xIntent,PersonX tastes amazing--finds new favorite taste
oEffect,xIntent,PersonX plays darts--gets screamd at
oEffect,xIntent,PersonX feels more comfortable--none
oEffect,xIntent,PersonX feels more comfortable--none
oEffect,xIntent,PersonX feels more comfortable--none
oEffect,xIntent,PersonX walks my dog--has less to do
oEffect,xIntent,PersonX puts the baby--falls asleep
oEffect,xIntent,PersonX puts the baby--cries
oEffect,xIntent,PersonX acts weird--eccentric
oEffect,xIntent,PersonX arranges a date--get into a new romantic relationship
oEffect,xIntent,PersonX has to throw it away--none
oEffect,xIntent,PersonX has to throw it away--none
oEffect,xIntent,PersonX has to throw it away--NO
oEffect,xIntent,PersonX has to throw it away--NO
oEffect,xIntent,PersonX has to throw it away--NO
oEffect,xIntent,PersonX has to throw it away--NO
oEffect,xIntent,PersonX goes bankrupt--Goes to court house.
oEffect,xIntent,PersonX goes bankrupt--none
oEffect,xIntent,PersonX takes the ball--lose the ball
oEffect,xIntent,PersonX takes the ball--lose the game
oEffect,xIntent,PersonX says thank you--smiles
oEffect,xIntent,PersonX says thank you--has to wash the dishes
oEffect,xIntent,PersonX thinks it was great--none
oEffect,xIntent,PersonX thinks it was great--none
oEffect,xIntent,PersonX thinks it was great--none
oEffect,xIntent,PersonX makes it to work--has less work they have to do
oEffect,xIntent,PersonX never eat--none
oEffect,xIntent,PersonX never eat--none
oEffect,xIntent,PersonX never eat--none
oEffect,xIntent,PersonX wears it to school--Becomes aroused
oEffect,xIntent,PersonX wears it to school--Laughs
oEffect,xIntent,PersonX has a drinking problem--affect the family
oEffect,xIntent,PersonX gets it repaired--calls to pick up
oEffect,xIntent,PersonX gets it repaired--gives shoes
oEffect,xIntent,PersonX feels lazy--none
oEffect,xIntent,PersonX feels lazy--none
oEffect,xIntent,PersonX feels weird--none
oEffect,xIntent,PersonX feels weird--none
oEffect,xIntent,PersonX feels weird--none
oEffect,xIntent,PersonX goes blind--none
oEffect,xIntent,PersonX goes blind--none
oEffect,xIntent,PersonX does not get the job--none
oEffect,xIntent,PersonX does not get the job--none
oEffect,xIntent,PersonX does not get the job--none
oEffect,xIntent,PersonX has gone bad--none
oEffect,xIntent,PersonX has gone bad--none
oEffect,xIntent,PersonX plays a song--receive new knowledge
oEffect,xIntent,PersonX plays a song--receive gratitude for praise
oEffect,xIntent,PersonX has two kids--none
oEffect,xIntent,PersonX has two kids--none
oEffect,xIntent,PersonX has two kids--none
oEffect,xIntent,PersonX can not find one--none
oEffect,xIntent,PersonX can not find one--none
oEffect,xIntent,PersonX is taking forever--have to wait
oEffect,xIntent,PersonX is taking forever--become impatient
oEffect,xIntent,PersonX is taking forever--Grows more impatient
oEffect,xIntent,PersonX continues playing--gets a headache
oEffect,xIntent,PersonX dies of cancer--cries
oEffect,xIntent,PersonX sees the new PersonY wars movie--gets nervous if the movie gets bad comments
oEffect,xIntent,PersonX changes color--gets yelled at
oEffect,xIntent,PersonX changes color--clean up commit
oEffect,xIntent,PersonX is bullied at school--gets in trouble
oEffect,xIntent,PersonX stops suddenly--none
oEffect,xIntent,PersonX stops suddenly--none
oEffect,xIntent,PersonX stops suddenly--none
oEffect,xIntent,PersonX is happily married--they get a house to live in
oEffect,xIntent,PersonX is happily married--receives support
oEffect,xIntent,PersonX is happily married--receives companionship
oEffect,xIntent,PersonX is the best of friends--talked each other
oEffect,xIntent,PersonX almost fell--none
oEffect,xIntent,PersonX almost fell--none
oEffect,xIntent,PersonX almost fell--none
oEffect,xIntent,PersonX is throwing a party--gets invited to party
oEffect,xIntent,PersonX is throwing a party--socializes
oEffect,xIntent,PersonX feels bad for it--none
oEffect,xIntent,PersonX feels bad for it--none
oEffect,xIntent,PersonX feels bad for it--none
oEffect,xIntent,PersonX is getting dirty--none
oEffect,xIntent,PersonX is getting dirty--none
oEffect,xIntent,PersonX can not find it anywhere--none
oEffect,xIntent,PersonX can not find it anywhere--none
oEffect,xIntent,PersonX gets it removed--none
oEffect,xIntent,PersonX gets it removed--none
oEffect,xIntent,PersonX gets it removed--none
oEffect,xIntent,PersonX makes it work--gets to use it
oEffect,xIntent,PersonX makes it work--continues with the plan
oEffect,xIntent,PersonX stays healthy--none
oEffect,xIntent,PersonX stays healthy--none
oEffect,xIntent,PersonX stays healthy--none
oEffect,xIntent,PersonX has food poisoning--none
oEffect,xIntent,PersonX has food poisoning--none
oEffect,xIntent,PersonX has food poisoning--none
oEffect,xIntent,PersonX tells my husband--Husband yells
oEffect,xIntent,PersonX tells my husband--get into trouble
oEffect,xIntent,PersonX tells my husband--get divorced
oEffect,xIntent,PersonX gets very tired--none
oEffect,xIntent,PersonX gets very tired--none
oEffect,xIntent,PersonX gets very tired--none
oEffect,xIntent,PersonX would n't budge--none
oEffect,xIntent,PersonX is playing with friends--laughs
oEffect,xIntent,PersonX is playing with friends--has fun
oEffect,xIntent,PersonX commits suicide--overeat due to sadness
oEffect,xIntent,PersonX misses the shot--none
oEffect,xIntent,PersonX misses the shot--none
oEffect,xIntent,PersonX misses the shot--none
oEffect,xIntent,PersonX joins a band--get excited
oEffect,xIntent,PersonX joins a band--gain new skill
oEffect,xIntent,PersonX joins a band--gain new knowledge
oEffect,xIntent,PersonX taps dance--People applaud person X.
oEffect,xIntent,PersonX taps dance--takes pictures
oEffect,xIntent,PersonX is getting a divorce--gets stressed
oEffect,xIntent,PersonX is cut short--get scolded for interrupting
oEffect,xIntent,PersonX is a bad cook--leave the building when the smoke alarm goes off
oEffect,xIntent,PersonX looks elsewhere--none
oEffect,xIntent,PersonX looks elsewhere--none
oEffect,xIntent,PersonX looks elsewhere--none
oEffect,xIntent,PersonX draws a picture--he's given a present
oEffect,xIntent,PersonX feels bad about it--none
oEffect,xIntent,PersonX feels bad about it--none
oEffect,xIntent,PersonX feels bad about it--none
oEffect,xIntent,PersonX spends too much--none
oEffect,xIntent,PersonX spends too much--none
oEffect,xIntent,PersonX spends too much--none
oEffect,xIntent,PersonX wastes money--none
oEffect,xIntent,PersonX wastes money--none
oEffect,xIntent,PersonX finds my wallet--doesn't worry about it
oEffect,xIntent,PersonX finds my wallet--none
oEffect,xIntent,PersonX finds my wallet--is gratefull
oEffect,xIntent,PersonX begs for food--purses lips
oEffect,xIntent,PersonX catches the thief--goes to jail
oEffect,xIntent,PersonX catches the thief--gets arrested
oEffect,xIntent,PersonX leaves food--none
oEffect,xIntent,PersonX feels frustrated--none
oEffect,xIntent,PersonX feels frustrated--none
oEffect,xIntent,PersonX makes candy--enjoys homemeade candy
oEffect,xIntent,PersonX makes candy--wants more
oEffect,xIntent,PersonX splashes water--get wet
oEffect,xIntent,PersonX splashes water--have salt in their hair from ocean water
oEffect,xIntent,PersonX crowds around--listens in
oEffect,xIntent,PersonX gets stolen--none
oEffect,xIntent,PersonX meets ___ at the park--socialization
oEffect,xIntent,PersonX meets ___ at the park--uses time
oEffect,xIntent,PersonX meets ___ at the park--make a new friend
oEffect,xIntent,PersonX meets ___ at the park--have shared interests to talk about
oEffect,xIntent,PersonX knocks ___ out cold--none
oEffect,xIntent,PersonX knocks ___ out cold--none
oEffect,xIntent,PersonX takes ___ out for dinner--conveys his appreciation
oEffect,xIntent,PersonX wraps ___ in a towel--Goes eat
oEffect,xIntent,PersonX wraps ___ in a towel--gets a physical need taken care of
oEffect,xIntent,PersonX sets ___ aside--none
oEffect,xIntent,PersonX sets ___ aside--none
oEffect,xIntent,PersonX evens bought ___--store has less inventory
oEffect,xIntent,PersonX gives ___ an ultimatum--gets excited and scared
oEffect,xIntent,PersonX thanks ___ afterwards--receives praise
oEffect,xIntent,PersonX thanks ___ afterwards--gains notice
oEffect,xIntent,PersonX leaves ___ for good--wants to show them the new town
oEffect,xIntent,PersonX gives the woman ___--are drying up
oEffect,xIntent,PersonX visits ___ in california--socializes
oEffect,xIntent,PersonX visits ___ in california--entertains
oEffect,xIntent,PersonX visits ___ in california--gets happy
oEffect,xIntent,PersonX visits ___ in california--has a good time
oEffect,xIntent,PersonX always wore ___--none
oEffect,xIntent,PersonX always wore ___--none
oEffect,xIntent,PersonX never eat ___ again--none
oEffect,xIntent,PersonX moves away ___--wants them to be safe
oEffect,xIntent,PersonX moves away ___--hopes they do well
oEffect,xIntent,PersonX gives everyone ___--says thank you
oEffect,xIntent,PersonX sees ___ that night--and then the fireworks go off that night
oEffect,xIntent,PersonX puts ___ in the toaster--eats the toast
oEffect,xIntent,PersonX spills ___ on the floor--none
oEffect,xIntent,PersonX spills ___ on the floor--yells
oEffect,xIntent,PersonX spills ___ on the floor--gets dirty from spilling
oEffect,xIntent,PersonX never received ___--none
oEffect,xIntent,PersonX never received ___--none
oEffect,xIntent,PersonX never eat ___--none
oEffect,xIntent,PersonX never told ___--none
oEffect,xIntent,PersonX never told ___--none
oEffect,xIntent,PersonX injures PersonY's leg--bleed
oEffect,xIntent,PersonX hears PersonY's music--is oblivious
oEffect,xIntent,PersonX hears PersonY's music--is relaxed
oEffect,xIntent,PersonX loves PersonY's girlfriend--none
oEffect,xIntent,PersonX loves PersonY's girlfriend--none
oEffect,xIntent,PersonX loves PersonY's girlfriend--none
oEffect,xIntent,PersonX finds PersonX's friends--is surprised
oEffect,xIntent,PersonX finds PersonX's friends--gets engaged in conversation
oEffect,xIntent,PersonX finds PersonX's friends--get asked questions
oEffect,xIntent,PersonX can not find PersonX's car keys--none
oEffect,xIntent,PersonX can not find PersonX's car keys--none
oEffect,xIntent,PersonX can not find PersonX's car keys--none
oEffect,xIntent,PersonX can not find PersonY's car keys--none
oEffect,xIntent,PersonX can not find PersonY's car keys--Runs late
oEffect,xIntent,PersonX leaves PersonX's book--none
oEffect,xIntent,PersonX leaves PersonX's book--none
oEffect,xIntent,PersonX sets PersonY's ___ on edge--has to do something to relax
oEffect,xIntent,PersonX sets PersonY's ___ on edge--yells at someone
oEffect,xIntent,PersonX lymph node ___--none
oEffect,xIntent,PersonX lymph node ___--none
oEffect,xIntent,PersonX suppresses the ___ by force--lose position
oEffect,xIntent,PersonX falls on PersonX's face--none
oEffect,xIntent,PersonX falls on PersonX's face--none
oEffect,xIntent,PersonX affects PersonY's interests--addresses interests
oEffect,xIntent,PersonX affects PersonY's interests--lose money
oEffect,xIntent,PersonX affects PersonY's interests--lose respect
oEffect,xIntent,PersonX affects PersonY's interests--none
oEffect,xIntent,PersonX springs to PersonX's feet--none
oEffect,xIntent,PersonX springs to PersonX's feet--none
oEffect,xIntent,PersonX loves PersonX's neighbor--none
oEffect,xIntent,PersonX loves PersonX's neighbor--Neighbor agrees to the date.
oEffect,xIntent,PersonX lives in PersonY environment--shares things with roomate
oEffect,xIntent,PersonX lives in PersonY environment--cuts down living cost
oEffect,xIntent,PersonX enforces this ___ by legislation--may take actions to be in compliance with this legislation
oEffect,xIntent,PersonX makes PersonY's look--are venerated and empowered
oEffect,xIntent,PersonX sees PersonY's children--got gifts
oEffect,xIntent,PersonX goes with PersonY's friends--converses
oEffect,xIntent,PersonX goes with PersonY's friends--gets tired
oEffect,xIntent,PersonX goes with PersonY's friends--make a new friend
oEffect,xIntent,PersonX turns and looked at PersonY--Jump sin reflex
oEffect,xIntent,PersonX turns and looked at PersonY--looks away
oEffect,xIntent,PersonX turns and looked at PersonY--hears him speak
oEffect,xIntent,PersonX catches PersonY's eyes--get kiss from boy
oEffect,xIntent,PersonX catches PersonY's eyes--be enjoy with boy
oEffect,xIntent,PersonX goes PersonY's way--is engaged in conversation
oEffect,xIntent,PersonX wastes PersonY's time--asks to leave
oEffect,xIntent,PersonX wraps ___ around PersonY's waist--takes towel
oEffect,xIntent,PersonX keeps PersonY's hand--gets pulled
oEffect,xIntent,PersonX feels so bad for PersonY--none
oEffect,xIntent,PersonX feels so bad for PersonY--none
oEffect,xIntent,PersonX feels so bad for PersonY--none
oEffect,xIntent,PersonX covers PersonY's ears--looks away
oEffect,xIntent,PersonX slams ___ behind PersonY--gets angry
oEffect,xIntent,PersonX makes like a tree and leave--avoid the air polution
oEffect,xIntent,PersonX loses PersonX's cool--stops pushing it
oEffect,xIntent,PersonX loses PersonX's cool--learns a lesson about morals
oEffect,xIntent,PersonX throws PersonX's toys out of the pram--none
oEffect,xIntent,PersonX throws PersonX's toys out of the pram--must pick up toys
oEffect,xIntent,PersonX throws PersonX's toys out of the pram--must clean up toys
oEffect,xIntent,PersonX means the world to ___--loves someone
oEffect,xIntent,PersonX means the world to ___--gets in a relationship
oEffect,xIntent,PersonX makes peace--live longer
oEffect,xIntent,PersonX makes peace--have no fear anymore
oEffect,xIntent,PersonX knocks out of the box--become surprised
oEffect,xIntent,PersonX knocks out of the box--claps hands
oEffect,xIntent,PersonX skips a beat--Is on a pedestal
oEffect,xIntent,PersonX takes PersonY's head off--gets mad
oEffect,xIntent,PersonX takes PersonY's head off--argues
oEffect,xIntent,PersonX takes PersonY's head off--dies
oEffect,xIntent,PersonX makes PersonY comment--speaks
oEffect,xIntent,PersonX makes PersonY comment--says what they are thinking
oEffect,xIntent,PersonX makes PersonY comment--refuses
oEffect,xIntent,PersonX resists PersonY attempt--is punched by PersonX
oEffect,xIntent,PersonX resists PersonY attempt--stops attempting
oEffect,xIntent,PersonX resists PersonY attempt--Doesn't like
oEffect,xIntent,PersonX resists PersonY attempt--Stays away
oEffect,xIntent,PersonX invites PersonY to take--get help
oEffect,xIntent,PersonX finds PersonY opening--becomes thankful
oEffect,xIntent,PersonX finds PersonY opening--become curious
oEffect,xIntent,PersonX gives PersonY a heart--someone gets to live
oEffect,xIntent,PersonX gives PersonY a heart--a person can do things
oEffect,xIntent,PersonX uses PersonY process--goes to trial
oEffect,xIntent,PersonX uses PersonY process--gets compensation
oEffect,xIntent,PersonX confronts PersonX's boss--becomes angry
oEffect,xIntent,PersonX can n't find PersonX's wallet--none
oEffect,xIntent,PersonX can n't find PersonX's wallet--none
oEffect,xIntent,PersonX loses PersonY's purse--finds purse
oEffect,xIntent,PersonX loses PersonY's purse--gets mad
oEffect,xIntent,PersonX loses PersonY's purse--losses things in purse
oEffect,xIntent,PersonX loses PersonY's purse--gets shocked
oEffect,xIntent,PersonX loses PersonY's purse--yells
oEffect,xIntent,PersonX loses PersonY's purse--screams
oEffect,xIntent,PersonX takes PersonX's driving test--thinks about their grade
oEffect,xIntent,PersonX feels satisfied with PersonX's work--none
oEffect,xIntent,PersonX feels satisfied with PersonX's work--none
oEffect,xIntent,PersonX eventually got married--Dream came true
oEffect,xIntent,PersonX eventually got married--has children
oEffect,xIntent,PersonX eventually got married--move in together
oEffect,xIntent,PersonX starts a new school--meet new friends
oEffect,xIntent,PersonX is best friends for years--has someone to help with school work
oEffect,xIntent,PersonX tells PersonY how PersonZ felt--some person laugh
oEffect,xIntent,PersonX tells PersonY how PersonZ felt--some person feel
oEffect,xIntent,PersonX makes PersonY feel sick--wants to leave
oEffect,xIntent,PersonX makes PersonY feel sick--none
oEffect,xIntent,PersonX takes ___ to the shoe store--buy some footwear
oEffect,xIntent,PersonX gets tired--none
oEffect,xIntent,PersonX leaves food out--none
oEffect,xIntent,PersonX leaves food out--none
oEffect,xIntent,PersonX learns to surf--make money giving surfing lessons.
oEffect,xIntent,PersonX is no longer nervous--the girl says yes to the invitaion
oEffect,xIntent,PersonX is no longer nervous--people fall asleep during his part in the play
oEffect,xIntent,PersonX has to get a job--receives application
oEffect,xIntent,PersonX does this every day--meet the anther friends
oEffect,xIntent,PersonX does this every day--eat the lunch
oEffect,xIntent,PersonX is caught and arrested--none
oEffect,xIntent,PersonX gets tired of it--none
oEffect,xIntent,PersonX gets tired of it--none
oEffect,xIntent,PersonX gets tired of it--none
oEffect,xIntent,PersonX gets cancer--none
oEffect,xIntent,PersonX gets cancer--none
oEffect,xIntent,PersonX gets cancer--none
oEffect,xIntent,PersonX is getting sick--none
oEffect,xIntent,PersonX is getting sick--none
oEffect,xIntent,PersonX always lost--none
oEffect,xIntent,PersonX always lost--none
oEffect,xIntent,PersonX keeps score--has someone to keep track
oEffect,xIntent,PersonX keeps score--wants to win
oEffect,xIntent,PersonX buys ___ for cheap--makes a sell
oEffect,xIntent,PersonX buys ___ for cheap--cashes in a check
oEffect,xIntent,PersonX breaks ___ day--none
oEffect,xIntent,PersonX breaks ___ day--none
oEffect,xIntent,PersonX breaks ___ day--is asked for help
oEffect,xIntent,PersonX keeps ___ up all night--loses energy
oEffect,xIntent,PersonX keeps ___ up all night--falls asleep
oEffect,xIntent,PersonX keeps ___ up all night--gets fatigued
oEffect,xIntent,PersonX gives ___ to my friend--smiles
oEffect,xIntent,PersonX gives ___ to my friend--smiles
oEffect,xIntent,PersonX leaves PersonY's book--are upset
oEffect,xIntent,PersonX leaves PersonY's book--are angry
oEffect,xIntent,PersonX adapts ___ to conditions--Gain more success and profit along with the group
oEffect,xIntent,PersonX protects the patient 's ___--has good skin
oEffect,xIntent,PersonX protects the patient 's ___--The patient keeps their secret.
oEffect,xIntent,PersonX protects the patient 's ___--smiles
oEffect,xIntent,PersonX plays a ___ in the creation--get to experience the creation
oEffect,xIntent,PersonX settles PersonX's ___ by means--gives thanks
oEffect,xIntent,PersonX settles PersonX's ___ by means--returns the favor
oEffect,xIntent,PersonX holds ___ with PersonX's forms--understands them
oEffect,xIntent,PersonX saves PersonY's ___ from PersonZ's sins--go to heaven
oEffect,xIntent,PersonX saves PersonY's ___ from PersonZ's sins--repent
oEffect,xIntent,PersonX saves PersonY's ___ from PersonZ's sins--gets saved
oEffect,xIntent,PersonX saves PersonY's ___ from PersonZ's sins--none
oEffect,xIntent,PersonX holds the ___ in PersonY's hands--is responsible
oEffect,xIntent,PersonX holds the ___ in PersonY's hands--is important
oEffect,xIntent,PersonX suits PersonX's convenience--has an easier time
oEffect,xIntent,PersonX suits PersonX's convenience--has less to do
oEffect,xIntent,PersonX suits PersonX's convenience--helps them do something
oEffect,xIntent,PersonX suits PersonX's convenience--gives them the ability to to what they want
oEffect,xIntent,PersonX fights PersonY's battle--sighs in relief
oEffect,xIntent,PersonX loses PersonX's character--none
oEffect,xIntent,PersonX holds in PersonY's hands--attain appreciate
oEffect,xIntent,PersonX defeats PersonX's purpose--none
oEffect,xIntent,PersonX defeats PersonX's purpose--none
oEffect,xIntent,PersonX gives birth to a PersonY--receives name
oEffect,xIntent,PersonX gives birth to a PersonY--goes home
oEffect,xIntent,PersonX answers PersonY's letter--has to open the correspondence
oEffect,xIntent,PersonX finds PersonY's wallet--none
oEffect,xIntent,PersonX finds PersonY's wallet--has to pay reward
oEffect,xIntent,PersonX plays ___ together--takes a position
oEffect,xIntent,PersonX reaches into PersonY's pocket--feels uncomfortable
oEffect,xIntent,PersonX reaches into PersonY's pocket--is hurt
oEffect,xIntent,PersonX reaches into PersonY's pocket--jumps away
oEffect,xIntent,PersonX reaches into PersonY's pocket--gets a confused look
oEffect,xIntent,PersonX means nothing to PersonY--ignores a phone call
oEffect,xIntent,PersonX means nothing to PersonY--leaves somewhere
oEffect,xIntent,PersonX makes PersonY feel--blushes
oEffect,xIntent,PersonX makes PersonY feel--smiles
oEffect,xIntent,PersonX picks PersonY up from the airport--could meet a long lost friend
oEffect,xIntent,PersonX says a word to PersonY--they are ready
oEffect,xIntent,PersonX leaves PersonY's side--cries
oEffect,xIntent,PersonX throws PersonY's arms--yells
oEffect,xIntent,PersonX gives birth to PersonY--cries
oEffect,xIntent,PersonX is going really well--are given nice gifts
oEffect,xIntent,PersonX grabs PersonY's hands--yell at person
oEffect,xIntent,PersonX cuts a dash--see that a dash was cut
oEffect,xIntent,PersonX comes to grief--none
oEffect,xIntent,PersonX comes to grief--none
oEffect,xIntent,PersonX digs in PersonX's heels--none
oEffect,xIntent,PersonX holds PersonX's head high--none
oEffect,xIntent,PersonX holds PersonX's head high--none
oEffect,xIntent,PersonX holds PersonX's head high--none
oEffect,xIntent,PersonX makes PersonY's skin crawl--gets disgusted
oEffect,xIntent,PersonX makes PersonY's skin crawl--none
oEffect,xIntent,PersonX not is able to get a word in edgeways--is avoided
oEffect,xIntent,PersonX not is able to get a word in edgeways--is known as mean
oEffect,xIntent,PersonX not is able to get a word in edgeways--none
oEffect,xIntent,PersonX not is able to get a word in edgeways--none
oEffect,xIntent,PersonX throws in the towel--none
oEffect,xIntent,PersonX throws in the towel--none
oEffect,xIntent,PersonX gives birth to a son--cries
oEffect,xIntent,PersonX gives birth to a son--wants to eat
oEffect,xIntent,PersonX makes PersonY payment--is broke
oEffect,xIntent,PersonX makes PersonY payment--has to work more
oEffect,xIntent,PersonX makes PersonY payment--has access to service
oEffect,xIntent,PersonX serves PersonY country--Bark orders
oEffect,xIntent,PersonX serves PersonY country--Acts more superior
oEffect,xIntent,PersonX obtains PersonY order--eat food
oEffect,xIntent,PersonX obtains PersonY order--pays bill
oEffect,xIntent,PersonX obtains PersonY order--Eat
oEffect,xIntent,PersonX shows PersonY the place--gets introduced
oEffect,xIntent,PersonX shows PersonY the place--gets membership
oEffect,xIntent,PersonX shoots PersonY dead--gets a funeral
oEffect,xIntent,PersonX shoots PersonY dead--gets buried
oEffect,xIntent,PersonX leads PersonY to the conclusion--knows about it
oEffect,xIntent,PersonX saves PersonY from destruction--none
oEffect,xIntent,PersonX bakes PersonX's own bread--gets receipt
oEffect,xIntent,PersonX bakes PersonX's own bread--gets change
oEffect,xIntent,PersonX breaks PersonX's wrist--none
oEffect,xIntent,PersonX breaks PersonX's wrist--none
oEffect,xIntent,PersonX can n't find PersonX's phone--none
oEffect,xIntent,PersonX can n't find PersonX's phone--none
oEffect,xIntent,PersonX is at PersonY's friend 's house--gets a compliment in return
oEffect,xIntent,PersonX visits PersonY's dad--has someone to talk to
oEffect,xIntent,PersonX visits PersonY's dad--thinks about personY
oEffect,xIntent,PersonX works hard in school--receive new knowledge
oEffect,xIntent,PersonX works hard in school--gain new skills
oEffect,xIntent,PersonX works hard in school--receive gratitude for praise
oEffect,xIntent,PersonX takes PersonY to the pet store--finds a good pet
oEffect,xIntent,PersonX decides to visit PersonY--greet guest
oEffect,xIntent,PersonX takes PersonY out for dinner--receives praise
oEffect,xIntent,PersonX eventually got fed up--none
oEffect,xIntent,PersonX eventually got fed up--none
oEffect,xIntent,PersonX wants to cheer PersonY up--listens
oEffect,xIntent,PersonX wants to cheer PersonY up--cheers up
oEffect,xIntent,PersonX gives PersonY some pills--use it in proper way
oEffect,xIntent,PersonX goes night swimming--takes photos
oEffect,xIntent,PersonX gives birth to a baby girl--baby girl is born
oEffect,xIntent,PersonX feels bad afterwards--none
oEffect,xIntent,PersonX feels bad afterwards--none
oEffect,xIntent,PersonX shares ___ with PersonX's friends--pass them around
oEffect,xIntent,PersonX finds a wallet--lose money
oEffect,xIntent,PersonX becomes flat--none
oEffect,xIntent,PersonX becomes flat--none
oEffect,xIntent,PersonX gets very dark--none
oEffect,xIntent,PersonX gets very dark--none
oEffect,xIntent,PersonX tells the landlord--hears an excuse
oEffect,xIntent,PersonX drops the box--none
oEffect,xIntent,PersonX tells PersonY that PersonZ was pregnant--gets kissed
oEffect,xIntent,PersonX seems great--has a good friends
oEffect,xIntent,PersonX takes so long--can't start without him
oEffect,xIntent,PersonX takes so long--don't have enough people to participate
oEffect,xIntent,PersonX takes so long--have to wait
oEffect,xIntent,PersonX finally gave up--none
oEffect,xIntent,PersonX finally gave up--none
oEffect,xIntent,PersonX misses something--none
oEffect,xIntent,PersonX misses something--none
oEffect,xIntent,PersonX finally gave in--none
oEffect,xIntent,PersonX argues a lot--lose some money
oEffect,xIntent,PersonX argues a lot--gets tired
oEffect,xIntent,PersonX argues a lot--gets stressed
oEffect,xIntent,PersonX holds my hand--gets engaged
oEffect,xIntent,PersonX holds my hand--Smiles
oEffect,xIntent,PersonX finds the answer--gain  wisdom
oEffect,xIntent,PersonX finds the answer--get new ideas for findings
oEffect,xIntent,PersonX sees ___ in the mirror--none
oEffect,xIntent,PersonX takes ___ in college--shares knowledge
oEffect,xIntent,PersonX takes ___ in college--is paid for teaching
oEffect,xIntent,PersonX is playing with PersonY's friends--gets left out
